Detector,Sli,Guard,Pfa,N,NMoments,Images,ShipsTotal,ShipsDetected,Pd_pooled,FalsePixels,BackgroundPixels,Pfa_pooled,PfaRatio,TP,FP,FN,Precision_pooled,Recall_pooled,F1_pooled,FractionInvalid,CoverageFraction,MaxLogMismatchPct,MedianShape,IQRShape,MedianC2,MedianSkew,EstMsPerMP,TotalMsPerMP
BurrXII,11,7,1e-06,72,3,100,238,3,0.0126050420168067,500,8995978,5.5580393815992e-05,55.580393815992,3,403,235,0.00738916256157635,0.0126050420168067,0.0093167701863354,0.432078410497611,0.567921589502389,0,2.29484274814481,2.65030389529477,0.102587886875272,-1.03964603115886,598.885375433452,954.631376019312
G0,11,7,1e-06,72,3,100,238,2,0.00840336134453781,40,3766197,1.06207933360894e-05,10.6207933360894,2,31,236,0.0606060606060606,0.00840336134453781,0.014760147601476,0.752496783286232,0.247503216713767,0,21.059963204443,35.2373606197741,0.102587886875272,-1.03964603115886,5772.89377684872,6393.56745440798
G0-L1,11,7,1e-06,72,2,100,238,1,0.00420168067226891,30,676319,4.43577660837563e-05,44.3577660837563,1,25,237,0.0384615384615385,0.00420168067226891,0.00757575757575758,0.952657048776654,0.0473429512233459,0,6.21853431669662,10.2495985932583,0.102587886875272,-1.03964603115886,89.7025089220944,443.419563120272
GenGamma,11,7,1e-06,72,3,100,238,68,0.285714285714286,28060,14799701,0.00189598424995208,1895.98424995208,217,18750,170,0.0114409237096009,0.560723514211886,0.022424305053219,0.0684380152812081,0.931561984718792,0,1.27842162960013,2.40778897442824,0.102587886875272,-1.03964603115886,291.073967115161,1661.08523955076
GenGamma-exact,11,7,1e-06,72,3,100,238,59,0.247899159663866,15077,12030583,0.00125322272411902,1253.22272411902,135,10570,179,0.0126109294722092,0.429936305732484,0.0245031309556221,0.239757335492881,0.760242664507119,0,1.64505993429754,3.03427059932633,0.102587886875272,-1.03964603115886,597.100876796113,1697.31762656185
Lognormal,11,7,1e-06,72,2,100,238,3,0.0126050420168067,164,15909731,1.03081566872501e-05,10.3081566872501,3,75,235,0.0384615384615385,0.0126050420168067,0.0189873417721519,0,1,0,0.320293436622185,0.115809088142882,0.102587886875272,-1.03964603115886,14.9415934469574,331.175385294916
Weibull,11,7,1e-06,72,2,100,238,32,0.134453781512605,13614,15909731,0.00085570271426965,855.702714269651,61,6058,206,0.00996894917470175,0.228464419475655,0.0191042906357657,0,1,0,4.00429637378938,1.25408482826435,0.102587886875272,-1.03964603115886,20.4980116037072,336.887513362054
BurrXII,15,11,1e-06,104,3,100,238,8,0.0336134453781513,589,8289071,7.10574200655297e-05,71.0574200655297,9,394,230,0.0223325062034739,0.0376569037656904,0.0280373831775701,0.472199178203546,0.527800821796453,0,2.48452970702542,2.9513708729436,0.109695677926404,-1.19719277199153,572.690836200008,925.760346485531
G0,15,11,1e-06,104,3,100,238,4,0.0168067226890756,67,3490691,1.91939074527078e-05,19.1939074527078,6,40,234,0.130434782608696,0.025,0.041958041958042,0.766787865479055,0.233212134520945,0,20.0259135626833,37.9160595933108,0.109695677926404,-1.19719277199153,5831.0826476574,6439.11237007943
G0-L1,15,11,1e-06,104,2,100,238,3,0.0126050420168067,54,720712,7.49259066034699e-05,74.9259066034699,4,45,235,0.0816326530612245,0.0167364016736402,0.0277777777777778,0.949076754183404,0.0509232458165959,0,7.54991210815774,12.5638968629119,0.109695677926404,-1.19719277199153,88.7727154913938,441.817006194472
GenGamma,15,11,1e-06,104,3,100,238,75,0.315126050420168,35610,14881438,0.00239291391060461,2392.91391060461,262,22685,163,0.0114176145029851,0.616470588235294,0.0224199897313024,0.0625647268096873,0.937435273190313,0,0.981616433024173,1.94873450901129,0.109695677926404,-1.19719277199153,289.012378207851,1704.24134361298
GenGamma-exact,15,11,1e-06,104,3,100,238,65,0.273109243697479,17357,11378926,0.00152536364152469,1525.36364152469,171,11550,173,0.0145891988738162,0.497093023255814,0.0283464566929134,0.277491939163372,0.722508060836628,0,1.4582524583091,2.34258317435987,0.109695677926404,-1.19719277199153,577.405689589331,1632.18734021131
Lognormal,15,11,1e-06,104,2,100,238,3,0.0126050420168067,231,15909731,1.45194158216754e-05,14.5194158216754,3,68,235,0.0422535211267606,0.0126050420168067,0.0194174757281553,0,1,0,0.331202922880404,0.0944818209032812,0.109695677926404,-1.19719277199153,15.584419806973,331.517840354706
Weibull,15,11,1e-06,104,2,100,238,56,0.235294117647059,14018,15909731,0.000881095978304096,881.095978304096,94,4943,182,0.0186619019257495,0.340579710144928,0.0353849049501223,0,1,0,3.87240954174458,0.993792011118636,0.109695677926404,-1.19719277199153,17.9655262847126,333.777210662651
BurrXII,17,13,1e-06,120,3,100,238,6,0.0252100840336134,552,8042693,6.86337275337999e-05,68.6337275337999,6,331,232,0.0178041543026706,0.0252100840336134,0.0208695652173913,0.485958830985461,0.514041169014539,0,2.63009039273058,3.11138039557283,0.110914993410541,-1.28702635178527,570.366634817563,927.067347818285
G0,17,13,1e-06,120,3,100,238,4,0.0168067226890756,74,3414950,2.16694241496947e-05,21.6694241496947,5,46,234,0.0980392156862745,0.0209205020920502,0.0344827586206897,0.770286554804923,0.229713445195077,0,18.9559408548074,38.1239958598188,0.110914993410541,-1.28702635178527,5852.63839713634,6460.78523633006
G0-L1,17,13,1e-06,120,2,100,238,5,0.0210084033613445,66,735945,8.968061471985e-05,89.68061471985,6,54,233,0.1,0.0251046025104603,0.040133779264214,0.947860598534494,0.0521394014655064,0,8.18192122269714,12.8987674406907,0.110914993410541,-1.28702635178527,91.324439100475,450.114911361848
GenGamma,17,13,1e-06,120,3,100,238,82,0.34453781512605,37757,14937087,0.002527735160142,2527.735160142,293,23619,156,0.0122532619605219,0.652561247216036,0.0240548417552646,0.0589051988156974,0.941094801184303,0,0.851502394022464,1.81894220984931,0.110914993410541,-1.28702635178527,293.858163620553,1718.25889793921
GenGamma-exact,17,13,1e-06,120,3,100,238,76,0.319327731092437,17579,11176714,0.00157282364029356,1572.82364029356,222,11383,162,0.0191296854803964,0.578125,0.03703394778547,0.288935779098189,0.711064220901811,0,1.3680352857118,2.0803622994943,0.110914993410541,-1.28702635178527,572.390759363406,1632.5999757681
Lognormal,17,13,1e-06,120,2,100,238,7,0.0294117647058824,231,15909731,1.45194158216754e-05,14.5194158216754,8,53,231,0.131147540983607,0.0334728033472803,0.0533333333333333,0,1,0,0.333039026803427,0.088630167330607,0.110914993410541,-1.28702635178527,15.658336311199,336.158415294931
Weibull,17,13,1e-06,120,2,100,238,79,0.331932773109244,13296,15909731,0.000835714947034617,835.714947034617,140,4177,159,0.0324299281908733,0.468227424749164,0.0606585788561525,0,1,0,3.85104965893204,0.93901680346036,0.110914993410541,-1.28702635178527,18.764995023258,339.670022836267
BurrXII,21,15,1e-06,216,3,100,238,11,0.046218487394958,403,7108543,5.66923489103182e-05,56.6923489103182,15,226,227,0.0622406639004149,0.0619834710743802,0.062111801242236,0.54011633514796,0.45988366485204,0,2.87369358563195,3.84067460072403,0.11367450937977,-1.61736928637605,521.985954698612,876.444038875333
G0,21,15,1e-06,216,3,100,238,6,0.0252100840336134,99,3115260,3.17790489397354e-05,31.7790489397354,8,38,232,0.173913043478261,0.0333333333333333,0.055944055944056,0.787084379117517,0.212915620882483,0,13.8421402956552,30.4298212774307,0.11367450937977,-1.61736928637605,5770.21521916836,6358.23045766088
G0-L1,21,15,1e-06,216,2,100,238,5,0.0210084033613445,66,751799,8.77894224387104e-05,87.7894224387104,12,46,233,0.206896551724138,0.0489795918367347,0.0792079207920792,0.946522359703995,0.053477640296005,0,8.95826791674719,14.2138205519872,0.11367450937977,-1.61736928637605,91.9531925531377,451.014571348383
GenGamma,21,15,1e-06,216,3,100,238,75,0.315126050420168,47873,15139540,0.00316211721095885,3162.11721095885,293,28125,163,0.0103103666690126,0.642543859649123,0.0202950751541179,0.0462669580605213,0.953733041939479,0,0.503897774135872,1.34908612372548,0.11367450937977,-1.61736928637605,296.67553636089,1760.12060739257
GenGamma-exact,21,15,1e-06,216,3,100,238,73,0.30672268907563,20985,10578292,0.00198377961205836,1983.77961205836,224,13287,165,0.01657908370957,0.575835475578406,0.0322302158273381,0.323727354859581,0.676272645140419,0,1.05515517052851,1.50756893998104,0.11367450937977,-1.61736928637605,617.201037370808,1639.08213848072
Lognormal,21,15,1e-06,216,2,100,238,7,0.0294117647058824,307,15909731,1.92963664816206e-05,19.2963664816206,7,42,231,0.142857142857143,0.0294117647058824,0.0487804878048781,0,1,0,0.337153511925649,0.0689165444630195,0.11367450937977,-1.61736928637605,15.0954506903792,335.823419980277
Weibull,21,15,1e-06,216,2,100,238,95,0.399159663865546,11356,15909731,0.000713776995978122,713.776995978122,167,2768,143,0.0568994889267462,0.538709677419355,0.102927580893683,0,1,0,3.80412056451814,0.730223286850605,0.11367450937977,-1.61736928637605,18.5995984865797,338.895583505743
BurrXII,31,21,1e-06,520,3,100,238,29,0.121848739495798,360,6326458,5.69038789161328e-05,56.9038789161328,51,117,209,0.303571428571429,0.196153846153846,0.238317757009346,0.582981242363379,0.417018757636621,0,2.7712453284929,4.08785906701054,0.115131313983988,-1.77079165901267,503.945334055178,865.590428705296
G0,31,21,1e-06,520,3,100,238,13,0.0546218487394958,141,3059130,4.60915358288141e-05,46.0915358288141,23,31,225,0.425925925925926,0.092741935483871,0.152317880794702,0.787611473588954,0.212388526411046,0,9.11861471597374,14.6289662009249,0.115131313983988,-1.77079165901267,5725.30035136258,6323.95141350208
G0-L1,31,21,1e-06,520,2,100,238,6,0.0252100840336134,69,797373,8.65341565365268e-05,86.5341565365268,12,36,232,0.25,0.0491803278688525,0.0821917808219178,0.943092969110205,0.0569070308897955,0,10.4954674286436,13.1555190605339,0.115131313983988,-1.77079165901267,97.2553475054177,467.189961244293
GenGamma,31,21,1e-06,520,3,100,238,93,0.390756302521008,57733,15362017,0.00375816535029222,3758.16535029222,311,30949,145,0.0099488163787588,0.682017543859649,0.0196115525286921,0.03248697645567,0.96751302354433,0,0.346895810072078,0.544489296013796,0.115131313983988,-1.77079165901267,297.857267960364,1814.10415730492
GenGamma-exact,31,21,1e-06,520,3,100,238,88,0.369747899159664,21712,9871596,0.00219944171135042,2199.44171135042,272,12209,150,0.0217931255508373,0.644549763033175,0.0421607378129117,0.364936253873373,0.635063746126627,0,0.620857124140272,0.932509066755153,0.115131313983988,-1.77079165901267,543.375571481811,1538.29619053023
Lognormal,31,21,1e-06,520,2,100,238,12,0.0504201680672269,517,15909731,3.24958354104164e-05,32.4958354104164,15,39,226,0.277777777777778,0.0622406639004149,0.101694915254237,0,1,0,0.339306985972712,0.049011904177359,0.115131313983988,-1.77079165901267,15.9470701636267,346.151289888702
Weibull,31,21,1e-06,520,2,100,238,134,0.563025210084034,10210,15909731,0.000641745608395264,641.745608395265,208,1776,104,0.104838709677419,0.666666666666667,0.181184668989547,0,1,0,3.77997828291169,0.513800438364773,0.115131313983988,-1.77079165901267,19.1540796248043,349.607440114227
BurrXII,41,27,1e-06,952,3,100,238,36,0.151260504201681,422,6177556,6.8311804862635e-05,68.311804862635,66,101,202,0.395209580838323,0.246268656716418,0.303448275862069,0.589641630380417,0.410358369619583,0,2.59421007626872,3.0278003252415,0.116227195784002,-1.82441727370109,487.144546364985,851.499092837326
G0,41,27,1e-06,952,3,100,238,24,0.100840336134454,162,3147040,5.14769434134933e-05,51.4769434134933,41,35,214,0.539473684210526,0.16078431372549,0.24773413897281,0.780336184219924,0.219663815780076,0,7.54975466672404,11.0098388284554,0.116227195784002,-1.82441727370109,5570.7225677228,6177.04830890461
G0-L1,41,27,1e-06,952,2,100,238,7,0.0294117647058824,449,835766,0.000537231713182877,537.231713182877,14,31,231,0.311111111111111,0.0571428571428571,0.096551724137931,0.940361046674244,0.0596389533257561,0,6.23417429688387,10.3207157163488,0.116227195784002,-1.82441727370109,98.3794317158794,473.609489090276
GenGamma,41,27,1e-06,952,3,100,238,100,0.420168067226891,64128,15445115,0.00415199239371154,4151.99239371154,358,32026,138,0.0110548418972332,0.721774193548387,0.0217761557177616,0.027427144592098,0.972572855407902,0,0.298542900548738,0.407344717865749,0.116227195784002,-1.82441727370109,297.357992616938,1828.22009315479
GenGamma-exact,41,27,1e-06,952,3,100,238,95,0.399159663865546,20735,9526808,0.00217648975396586,2176.48975396586,330,10092,143,0.0316637881404721,0.697674418604651,0.0605782469022487,0.385004003055739,0.614995996944261,0,0.656746589044111,0.943209990819761,0.116227195784002,-1.82441727370109,518.945942920067,1496.37232471363
Lognormal,41,27,1e-06,952,2,100,238,20,0.0840336134453782,654,15909731,4.11069175211071e-05,41.1069175211071,23,63,218,0.267441860465116,0.0954356846473029,0.140672782874618,0,1,0,0.340918890778954,0.0393954970798788,0.116227195784002,-1.82441727370109,14.5934208851392,348.891028521562
Weibull,41,27,1e-06,952,2,100,238,148,0.621848739495798,10849,15909731,0.000681909706707172,681.909706707172,281,1423,90,0.164906103286385,0.757412398921833,0.270843373493976,0,1,0,3.76208676137567,0.412109364641203,0.116227195784002,-1.82441727370109,18.2739094493684,352.963049416211
BurrXII,51,41,1e-06,920,3,100,238,51,0.214285714285714,488,6316085,7.72630513997199e-05,77.2630513997199,111,136,187,0.449392712550607,0.37248322147651,0.407339449541284,0.5804921876156,0.4195078123844,0,2.4238712266303,3.00268754103368,0.11847538208115,-1.80681414142978,497.278788036802,862.583237351484
G0,51,41,1e-06,920,3,100,238,32,0.134453781512605,205,3289322,6.23228738323582e-05,62.3228738323582,66,53,206,0.554621848739496,0.242647058823529,0.337595907928389,0.7707398301644,0.2292601698356,0,7.00507180383725,10.7628445939741,0.11847538208115,-1.80681414142978,5600.19559746209,6220.61695036908
G0-L1,51,41,1e-06,920,2,100,238,14,0.0588235294117647,104,865983,0.000120094736270804,120.094736270804,44,34,224,0.564102564102564,0.164179104477612,0.254335260115607,0.938528469346606,0.0614715306533943,0,12.8148456748649,14.0893990001422,0.11847538208115,-1.80681414142978,100.182193232551,477.975501239968
GenGamma,51,41,1e-06,920,3,100,238,123,0.516806722689076,63229,15455326,0.00409108161160755,4091.08161160755,520,31964,115,0.0160078808028568,0.818897637795276,0.0314019143090069,0.026833025076867,0.973166974923133,0,0.306624772449018,0.418469863946943,0.11847538208115,-1.80681414142978,293.592900972804,1808.57075025344
GenGamma-exact,51,41,1e-06,920,3,100,238,112,0.470588235294118,20895,9676062,0.00215945288486163,2159.45288486163,451,10529,126,0.0410746812386157,0.781629116117851,0.0780479363156528,0.376023109654214,0.623976890345786,0,0.670526116333849,0.915668736249196,0.11847538208115,-1.80681414142978,519.009510254849,1496.92348086677
Lognormal,51,41,1e-06,920,2,100,238,24,0.100840336134454,1107,15909731,6.95800576389381e-05,69.5800576389381,43,81,214,0.346774193548387,0.167315175097276,0.225721784776903,0,1,0,0.344199865578343,0.0401316046843281,0.11847538208115,-1.80681414142978,14.6928146274805,350.592954651068
Weibull,51,41,1e-06,920,2,100,238,171,0.718487394957983,12323,15909731,0.000774557407664529,774.557407664529,411,1444,67,0.221563342318059,0.859832635983264,0.352336048006858,0,1,0,3.72623530571217,0.414647148028919,0.11847538208115,-1.80681414142978,18.4405267831536,353.506653804332
BurrXII,11,7,1e-05,72,3,100,238,5,0.0210084033613445,1092,8995978,0.000121387580094127,12.1387580094126,6,856,233,0.00696055684454756,0.0251046025104603,0.0108991825613079,0.432078410497611,0.567921589502389,0,2.29484274814481,2.65030389529477,0.102587886875272,-1.03964603115886,598.885375433452,955.853804945455
G0,11,7,1e-05,72,3,100,238,2,0.00840336134453781,97,3766197,2.57554238400169e-05,2.57554238400169,2,67,236,0.0289855072463768,0.00840336134453781,0.0130293159609121,0.752496783286232,0.247503216713767,0,21.059963204443,35.2373606197741,0.102587886875272,-1.03964603115886,5772.89377684872,6379.28788880317
G0-L1,11,7,1e-05,72,2,100,238,1,0.00420168067226891,84,676319,0.000124201745034518,12.4201745034518,1,70,237,0.0140845070422535,0.00420168067226891,0.00647249190938511,0.952657048776654,0.0473429512233459,0,6.21853431669662,10.2495985932583,0.102587886875272,-1.03964603115886,89.7025089220944,440.053015721597
GenGamma,11,7,1e-05,72,3,100,238,73,0.30672268907563,38257,14799701,0.00258498465610893,258.498465610893,268,24681,165,0.0107419135035472,0.618937644341801,0.0211173272397762,0.0684380152812081,0.931561984718792,0,1.27842162960013,2.40778897442824,0.102587886875272,-1.03964603115886,291.073967115161,1653.3470913282
GenGamma-exact,11,7,1e-05,72,3,100,238,65,0.273109243697479,21612,12030583,0.00179642166967303,179.642166967303,177,14397,173,0.0121449156031289,0.505714285714286,0.0237201822567676,0.239757335492881,0.760242664507119,0,1.64505993429754,3.03427059932633,0.102587886875272,-1.03964603115886,597.100876796113,1695.66206618377
Lognormal,11,7,1e-05,72,2,100,238,3,0.0126050420168067,348,15909731,2.18734056534331e-05,2.18734056534331,3,158,235,0.0186335403726708,0.0126050420168067,0.0150375939849624,0,1,0,0.320293436622185,0.115809088142882,0.102587886875272,-1.03964603115886,14.9415934469574,331.406189564025
Weibull,11,7,1e-05,72,2,100,238,53,0.222689075630252,22606,15909731,0.0014208914028779,142.08914028779,114,9986,185,0.0112871287128713,0.381270903010033,0.0219251851139533,0,1,0,4.00429637378938,1.25408482826435,0.102587886875272,-1.03964603115886,20.4980116037072,337.0423950935
BurrXII,15,11,1e-05,104,3,100,238,10,0.0420168067226891,1130,8289071,0.000136324082638452,13.6324082638452,11,730,228,0.0148448043184885,0.0460251046025105,0.0224489795918367,0.472199178203546,0.527800821796453,0,2.48452970702542,2.9513708729436,0.109695677926404,-1.19719277199153,572.690836200008,925.810797919737
G0,15,11,1e-05,104,3,100,238,5,0.0210084033613445,152,3490691,4.35443870568893e-05,4.35443870568893,8,101,233,0.073394495412844,0.033195020746888,0.0457142857142857,0.766787865479055,0.233212134520945,0,20.0259135626833,37.9160595933108,0.109695677926404,-1.19719277199153,5831.0826476574,6423.71274460035
G0-L1,15,11,1e-05,104,2,100,238,5,0.0210084033613445,130,720712,0.000180377182563909,18.0377182563909,5,97,233,0.0490196078431373,0.0210084033613445,0.0294117647058824,0.949076754183404,0.0509232458165959,0,7.54991210815774,12.5638968629119,0.109695677926404,-1.19719277199153,88.7727154913938,438.193870555631
GenGamma,15,11,1e-05,104,3,100,238,81,0.340336134453782,47698,14881438,0.00320520100275256,320.520100275256,316,29162,157,0.0107198588778072,0.668076109936575,0.0211011318486862,0.0625647268096873,0.937435273190313,0,0.981616433024173,1.94873450901129,0.109695677926404,-1.19719277199153,289.012378207851,1696.01428148575
GenGamma-exact,15,11,1e-05,104,3,100,238,72,0.302521008403361,24438,11378926,0.00214765435683473,214.765435683473,214,15353,166,0.0137470289715424,0.563157894736842,0.0268389038690663,0.277491939163372,0.722508060836628,0,1.4582524583091,2.34258317435987,0.109695677926404,-1.19719277199153,577.405689589331,1633.35106658712
Lognormal,15,11,1e-05,104,2,100,238,5,0.0210084033613445,443,15909731,2.78445939783646e-05,2.78445939783646,6,144,233,0.04,0.0251046025104603,0.0308483290488432,0,1,0,0.331202922880404,0.0944818209032812,0.109695677926404,-1.19719277199153,15.584419806973,331.026570741051
Weibull,15,11,1e-05,104,2,100,238,76,0.319327731092437,22379,15909731,0.00140662340551201,140.662340551201,154,7908,162,0.0191019598114612,0.487341772151899,0.0367629505848651,0,1,0,3.87240954174458,0.993792011118636,0.109695677926404,-1.19719277199153,17.9655262847126,333.447405269365
BurrXII,17,13,1e-05,120,3,100,238,14,0.0588235294117647,1118,8042693,0.00013900816554853,13.900816554853,15,655,224,0.0223880597014925,0.0627615062761506,0.033003300330033,0.485958830985461,0.514041169014539,0,2.63009039273058,3.11138039557283,0.110914993410541,-1.28702635178527,570.366634817563,927.537581686816
G0,17,13,1e-05,120,3,100,238,6,0.0252100840336134,162,3414950,4.74384690844668e-05,4.74384690844668,8,89,232,0.0824742268041237,0.0333333333333333,0.0474777448071217,0.770286554804923,0.229713445195077,0,18.9559408548074,38.1239958598188,0.110914993410541,-1.28702635178527,5852.63839713634,6441.41340085548
G0-L1,17,13,1e-05,120,2,100,238,10,0.0420168067226891,153,735945,0.000207895970486925,20.7895970486925,14,111,228,0.112,0.0578512396694215,0.0762942779291553,0.947860598534494,0.0521394014655064,0,8.18192122269714,12.8987674406907,0.110914993410541,-1.28702635178527,91.324439100475,446.313367574954
GenGamma,17,13,1e-05,120,3,100,238,90,0.378151260504202,50076,14937087,0.00335246089147101,335.246089147101,352,30085,148,0.0115648717022046,0.704,0.0227559233280538,0.0589051988156974,0.941094801184303,0,0.851502394022464,1.81894220984931,0.110914993410541,-1.28702635178527,293.858163620553,1718.85584318585
GenGamma-exact,17,13,1e-05,120,3,100,238,91,0.382352941176471,24567,11176714,0.00219805212873838,219.805212873838,273,15073,147,0.0177896520265867,0.65,0.0346314854750729,0.288935779098189,0.711064220901811,0,1.3680352857118,2.0803622994943,0.110914993410541,-1.28702635178527,572.390759363406,1630.41190246506
Lognormal,17,13,1e-05,120,2,100,238,8,0.0336134453781513,452,15909731,2.84102855038844e-05,2.84102855038844,10,120,230,0.0769230769230769,0.0416666666666667,0.0540540540540541,0,1,0,0.333039026803427,0.088630167330607,0.110914993410541,-1.28702635178527,15.658336311199,336.166580525832
Weibull,17,13,1e-05,120,2,100,238,105,0.441176470588235,21822,15909731,0.00137161338554373,137.161338554373,208,6836,133,0.0295286768881317,0.609970674486804,0.0563303994583615,0,1,0,3.85104965893204,0.93901680346036,0.110914993410541,-1.28702635178527,18.764995023258,339.634362064497
BurrXII,21,15,1e-05,216,3,100,238,20,0.0840336134453782,875,7108543,0.000123091328279227,12.3091328279227,29,444,218,0.0613107822410148,0.117408906882591,0.0805555555555556,0.54011633514796,0.45988366485204,0,2.87369358563195,3.84067460072403,0.11367450937977,-1.61736928637605,521.985954698612,875.456714614138
G0,21,15,1e-05,216,3,100,238,11,0.046218487394958,209,3115260,6.70891033172191e-05,6.70891033172191,13,86,227,0.131313131313131,0.0541666666666667,0.0766961651917404,0.787084379117517,0.212915620882483,0,13.8421402956552,30.4298212774307,0.11367450937977,-1.61736928637605,5770.21521916836,6343.02685293536
G0-L1,21,15,1e-05,216,2,100,238,7,0.0294117647058824,135,751799,0.000179569273170089,17.9569273170089,16,73,231,0.179775280898876,0.0647773279352227,0.0952380952380952,0.946522359703995,0.053477640296005,0,8.95826791674719,14.2138205519872,0.11367450937977,-1.61736928637605,91.9531925531377,447.537017298204
GenGamma,21,15,1e-05,216,3,100,238,83,0.348739495798319,62482,15139540,0.00412707387410714,412.707387410714,358,35278,155,0.0100460208777641,0.697855750487329,0.0198069102879748,0.0462669580605213,0.953733041939479,0,0.503897774135872,1.34908612372548,0.11367450937977,-1.61736928637605,296.67553636089,1740.95319101947
GenGamma-exact,21,15,1e-05,216,3,100,238,81,0.340336134453782,28532,10578292,0.00269722181993085,269.722181993085,272,17179,157,0.015586499341012,0.634032634032634,0.0304250559284116,0.323727354859581,0.676272645140419,0,1.05515517052851,1.50756893998104,0.11367450937977,-1.61736928637605,617.201037370808,1636.53762309576
Lognormal,21,15,1e-05,216,2,100,238,8,0.0336134453781513,466,15909731,2.92902500991374e-05,2.92902500991374,9,82,230,0.0989010989010989,0.0376569037656904,0.0545454545454545,0,1,0,0.337153511925649,0.0689165444630195,0.11367450937977,-1.61736928637605,15.0954506903792,335.564555781686
Weibull,21,15,1e-05,216,2,100,238,114,0.478991596638655,17227,15909731,0.00108279643445889,108.279643445889,216,4629,124,0.0445820433436533,0.635294117647059,0.0833172613307618,0,1,0,3.80412056451814,0.730223286850605,0.11367450937977,-1.61736928637605,18.5995984865797,339.131847621209
BurrXII,31,21,1e-05,520,3,100,238,41,0.172268907563025,660,6326458,0.00010432377801291,10.432377801291,77,221,197,0.258389261744966,0.281021897810219,0.269230769230769,0.582981242363379,0.417018757636621,0,2.7712453284929,4.08785906701054,0.115131313983988,-1.77079165901267,503.945334055178,866.093305093454
G0,31,21,1e-05,520,3,100,238,25,0.105042016806723,210,3059130,6.86469682556805e-05,6.86469682556805,46,61,213,0.429906542056075,0.177606177606178,0.251366120218579,0.787611473588954,0.212388526411046,0,9.11861471597374,14.6289662009249,0.115131313983988,-1.77079165901267,5725.30035136258,6310.60245723759
G0-L1,31,21,1e-05,520,2,100,238,10,0.0420168067226891,130,797373,0.000163035367387659,16.3035367387659,15,45,228,0.25,0.0617283950617284,0.099009900990099,0.943092969110205,0.0569070308897955,0,10.4954674286436,13.1555190605339,0.115131313983988,-1.77079165901267,97.2553475054177,462.415816377392
GenGamma,31,21,1e-05,520,3,100,238,97,0.407563025210084,74377,15362017,0.00484161682674873,484.161682674873,380,38315,141,0.00982039023129603,0.72936660268714,0.0193798449612403,0.03248697645567,0.96751302354433,0,0.346895810072078,0.544489296013796,0.115131313983988,-1.77079165901267,297.857267960364,1809.82096918407
GenGamma-exact,31,21,1e-05,520,3,100,238,92,0.38655462184874,29030,9871596,0.00294076054165912,294.076054165912,306,15543,146,0.0193072118114708,0.676991150442478,0.0375437089749095,0.364936253873373,0.635063746126627,0,0.620857124140272,0.932509066755153,0.115131313983988,-1.77079165901267,543.375571481811,1531.35695279227
Lognormal,31,21,1e-05,520,2,100,238,14,0.0588235294117647,890,15909731,5.59406064125157e-05,5.59406064125157,17,105,224,0.139344262295082,0.0705394190871369,0.09366391184573,0,1,0,0.339306985972712,0.049011904177359,0.115131313983988,-1.77079165901267,15.9470701636267,346.30914692968
Weibull,31,21,1e-05,520,2,100,238,154,0.647058823529412,14614,15909731,0.000918557328216297,91.8557328216297,276,2924,84,0.08625,0.766666666666667,0.155056179775281,0,1,0,3.77997828291169,0.513800438364773,0.115131313983988,-1.77079165901267,19.1540796248043,349.676792432285
BurrXII,41,27,1e-05,952,3,100,238,44,0.184873949579832,676,6177556,0.000109428388832088,10.9428388832088,88,183,194,0.324723247232472,0.312056737588652,0.318264014466546,0.589641630380417,0.410358369619583,0,2.59421007626872,3.0278003252415,0.116227195784002,-1.82441727370109,487.144546364985,851.693230250616
G0,41,27,1e-05,952,3,100,238,28,0.117647058823529,245,3147040,7.78509329401596e-05,7.78509329401596,53,65,210,0.449152542372881,0.201520912547529,0.278215223097113,0.780336184219924,0.219663815780076,0,7.54975466672404,11.0098388284554,0.116227195784002,-1.82441727370109,5570.7225677228,6159.6381164757
G0-L1,41,27,1e-05,952,2,100,238,10,0.0420168067226891,747,835766,0.000893790845763048,89.3790845763048,21,32,228,0.39622641509434,0.0843373493975904,0.139072847682119,0.940361046674244,0.0596389533257561,0,6.23417429688387,10.3207157163488,0.116227195784002,-1.82441727370109,98.3794317158794,469.309283425839
GenGamma,41,27,1e-05,952,3,100,238,102,0.428571428571429,81614,15445115,0.00528413028973886,528.413028973886,397,39396,136,0.0099766290553615,0.74484052532833,0.0196895303278282,0.027427144592098,0.972572855407902,0,0.298542900548738,0.407344717865749,0.116227195784002,-1.82441727370109,297.357992616938,1800.58763896919
GenGamma-exact,41,27,1e-05,952,3,100,238,96,0.403361344537815,27550,9526808,0.00289183953324135,289.183953324135,369,12833,142,0.0279503105590062,0.722113502935421,0.0538175453948808,0.385004003055739,0.614995996944261,0,0.656746589044111,0.943209990819761,0.116227195784002,-1.82441727370109,518.945942920067,1488.72794475126
Lognormal,41,27,1e-05,952,2,100,238,24,0.100840336134454,1327,15909731,8.34080727072004e-05,8.34080727072004,33,83,214,0.28448275862069,0.133603238866397,0.181818181818182,0,1,0,0.340918890778954,0.0393954970798788,0.116227195784002,-1.82441727370109,14.5934208851392,349.039260282838
Weibull,41,27,1e-05,952,2,100,238,158,0.663865546218487,14215,15909731,0.000893478337251585,89.3478337251585,333,2340,80,0.124579124579125,0.806295399515738,0.215813350615684,0,1,0,3.76208676137567,0.412109364641203,0.116227195784002,-1.82441727370109,18.2739094493684,353.034469114293
BurrXII,51,41,1e-05,920,3,100,238,57,0.239495798319328,795,6316085,0.000125869110374544,12.5869110374544,128,243,181,0.345013477088949,0.414239482200647,0.376470588235294,0.5804921876156,0.4195078123844,0,2.4238712266303,3.00268754103368,0.11847538208115,-1.80681414142978,497.278788036802,863.033631733363
G0,51,41,1e-05,920,3,100,238,36,0.151260504201681,373,3289322,0.000113397228973022,11.3397228973022,92,119,202,0.436018957345972,0.312925170068027,0.364356435643564,0.7707398301644,0.2292601698356,0,7.00507180383725,10.7628445939741,0.11847538208115,-1.80681414142978,5600.19559746209,6206.32593749089
G0-L1,51,41,1e-05,920,2,100,238,14,0.0588235294117647,155,865983,0.00017898734732668,17.898734732668,40,36,224,0.526315789473684,0.151515151515152,0.235294117647059,0.938528469346606,0.0614715306533943,0,12.8148456748649,14.0893990001422,0.11847538208115,-1.80681414142978,100.182193232551,472.715841069394
GenGamma,51,41,1e-05,920,3,100,238,130,0.546218487394958,80522,15455326,0.0052099839239884,520.99839239884,587,39264,108,0.0147298687611352,0.844604316546763,0.0289547674246535,0.026833025076867,0.973166974923133,0,0.306624772449018,0.418469863946943,0.11847538208115,-1.80681414142978,293.592900972804,1797.77793455239
GenGamma-exact,51,41,1e-05,920,3,100,238,119,0.5,27566,9676062,0.0028488862514523,284.88862514523,506,13257,119,0.0367652401365981,0.8096,0.0703363914373089,0.376023109654214,0.623976890345786,0,0.670526116333849,0.915668736249196,0.11847538208115,-1.80681414142978,519.009510254849,1498.63370718967
Lognormal,51,41,1e-05,920,2,100,238,30,0.126050420168067,1483,15909731,9.32133924828773e-05,9.32133924828773,52,135,208,0.27807486631016,0.2,0.232662192393736,0,1,0,0.344199865578343,0.0401316046843281,0.11847538208115,-1.80681414142978,14.6928146274805,349.693282395216
Weibull,51,41,1e-05,920,2,100,238,188,0.789915966386555,16191,15909731,0.00101767905441016,101.767905441016,528,2409,50,0.179775280898876,0.913494809688581,0.300426742532006,0,1,0,3.72623530571217,0.414647148028919,0.11847538208115,-1.80681414142978,18.4405267831536,353.798301619703
BurrXII,11,7,0.0001,72,3,100,238,8,0.0336134453781513,2806,8995978,0.000311917170095347,3.11917170095347,11,2007,230,0.00545094152626363,0.045643153526971,0.00973882248782647,0.432078410497611,0.567921589502389,0,2.29484274814481,2.65030389529477,0.102587886875272,-1.03964603115886,598.885375433452,955.806420840663
G0,11,7,0.0001,72,3,100,238,5,0.0210084033613445,371,3766197,9.85078581922294e-05,0.985078581922294,5,295,233,0.0166666666666667,0.0210084033613445,0.0185873605947955,0.752496783286232,0.247503216713767,0,21.059963204443,35.2373606197741,0.102587886875272,-1.03964603115886,5772.89377684872,6370.46687514282
G0-L1,11,7,0.0001,72,2,100,238,3,0.0126050420168067,250,676319,0.000369648050697969,3.69648050697969,5,196,235,0.0248756218905473,0.0208333333333333,0.0226757369614512,0.952657048776654,0.0473429512233459,0,6.21853431669662,10.2495985932583,0.102587886875272,-1.03964603115886,89.7025089220944,437.96114000365
GenGamma,11,7,0.0001,72,3,100,238,84,0.352941176470588,57279,14799701,0.00387028089283696,38.7028089283696,360,34872,154,0.0102179836512262,0.700389105058366,0.020142113802943,0.0684380152812081,0.931561984718792,0,1.27842162960013,2.40778897442824,0.102587886875272,-1.03964603115886,291.073967115161,1691.27567469745
GenGamma-exact,11,7,0.0001,72,3,100,238,72,0.302521008403361,34763,12030583,0.00288955240157522,28.8955240157522,245,21514,166,0.0112597086263155,0.596107055961071,0.0221019395579612,0.239757335492881,0.760242664507119,0,1.64505993429754,3.03427059932633,0.102587886875272,-1.03964603115886,597.100876796113,1724.7307850983
Lognormal,11,7,0.0001,72,2,100,238,3,0.0126050420168067,1068,15909731,6.71287276950189e-05,0.671287276950189,3,535,235,0.00557620817843866,0.0126050420168067,0.0077319587628866,0,1,0,0.320293436622185,0.115809088142882,0.102587886875272,-1.03964603115886,14.9415934469574,331.820782076981
Weibull,11,7,0.0001,72,2,100,238,78,0.327731092436975,42072,15909731,0.00264441931796333,26.4441931796333,255,18153,160,0.0138526727509778,0.614457831325301,0.0270945120331509,0,1,0,4.00429637378938,1.25408482826435,0.102587886875272,-1.03964603115886,20.4980116037072,336.972723773183
BurrXII,15,11,0.0001,104,3,100,238,21,0.0882352941176471,2941,8289071,0.000354804537203264,3.54804537203264,27,1811,217,0.014689880304679,0.110655737704918,0.0259365994236311,0.472199178203546,0.527800821796453,0,2.48452970702542,2.9513708729436,0.109695677926404,-1.19719277199153,572.690836200008,925.786259284423
G0,15,11,0.0001,104,3,100,238,14,0.0588235294117647,511,3490691,0.000146389353855727,1.46389353855727,19,337,224,0.0533707865168539,0.0781893004115226,0.0634390651085142,0.766787865479055,0.233212134520945,0,20.0259135626833,37.9160595933108,0.109695677926404,-1.19719277199153,5831.0826476574,6415.50204360822
G0-L1,15,11,0.0001,104,2,100,238,9,0.0378151260504202,367,720712,0.000509218661545805,5.09218661545805,11,231,229,0.0454545454545455,0.0458333333333333,0.045643153526971,0.949076754183404,0.0509232458165959,0,7.54991210815774,12.5638968629119,0.109695677926404,-1.19719277199153,88.7727154913938,435.987528238601
GenGamma,15,11,0.0001,104,3,100,238,93,0.390756302521008,69921,14881438,0.00469853786979457,46.9853786979457,419,39820,145,0.0104127836178831,0.74290780141844,0.0205377055608656,0.0625647268096873,0.937435273190313,0,0.981616433024173,1.94873450901129,0.109695677926404,-1.19719277199153,289.012378207851,1733.12645832343
GenGamma-exact,15,11,0.0001,104,3,100,238,89,0.373949579831933,38785,11378926,0.00340849391234287,34.0849391234287,296,22415,149,0.0130333318656158,0.665168539325843,0.0255657281050268,0.277491939163372,0.722508060836628,0,1.4582524583091,2.34258317435987,0.109695677926404,-1.19719277199153,577.405689589331,1660.31710664951
Lognormal,15,11,0.0001,104,2,100,238,9,0.0378151260504202,1143,15909731,7.18428237410174e-05,0.718428237410174,13,432,229,0.0292134831460674,0.0537190082644628,0.0378457059679767,0,1,0,0.331202922880404,0.0944818209032812,0.109695677926404,-1.19719277199153,15.584419806973,331.47309415321
Weibull,15,11,0.0001,104,2,100,238,104,0.436974789915966,40797,15909731,0.00256427968518135,25.6427968518135,271,14310,134,0.0185858308757973,0.669135802469136,0.0361670892833311,0,1,0,3.87240954174458,0.993792011118636,0.109695677926404,-1.19719277199153,17.9655262847126,334.106936305371
BurrXII,17,13,0.0001,120,3,100,238,26,0.109243697478992,2747,8042693,0.000341552263650994,3.41552263650994,31,1542,212,0.0197075651621106,0.127572016460905,0.0341409691629956,0.485958830985461,0.514041169014539,0,2.63009039273058,3.11138039557283,0.110914993410541,-1.28702635178527,570.366634817563,927.596057254771
G0,17,13,0.0001,120,3,100,238,15,0.0630252100840336,489,3414950,0.000143193897421631,1.43193897421631,19,293,223,0.0608974358974359,0.0785123966942149,0.0685920577617329,0.770286554804923,0.229713445195077,0,18.9559408548074,38.1239958598188,0.110914993410541,-1.28702635178527,5852.63839713634,6439.34889798522
G0-L1,17,13,0.0001,120,2,100,238,15,0.0630252100840336,386,735945,0.00052449571639185,5.2449571639185,20,224,223,0.0819672131147541,0.0823045267489712,0.082135523613963,0.947860598534494,0.0521394014655064,0,8.18192122269714,12.8987674406907,0.110914993410541,-1.28702635178527,91.324439100475,444.390753228748
GenGamma,17,13,0.0001,120,3,100,238,103,0.432773109243697,72651,14937087,0.00486379974890687,48.6379974890687,468,40911,135,0.0113100848256362,0.776119402985075,0.0222952694011719,0.0589051988156974,0.941094801184303,0,0.851502394022464,1.81894220984931,0.110914993410541,-1.28702635178527,293.858163620553,1729.17608157869
GenGamma-exact,17,13,0.0001,120,3,100,238,101,0.42436974789916,38737,11176714,0.0034658666223364,34.658666223364,354,21938,137,0.0158801363717926,0.720977596741344,0.0310758021331695,0.288935779098189,0.711064220901811,0,1.3680352857118,2.0803622994943,0.110914993410541,-1.28702635178527,572.390759363406,1656.75305390985
Lognormal,17,13,0.0001,120,2,100,238,8,0.0336134453781513,1090,15909731,6.85115292018451e-05,0.685115292018451,11,344,230,0.0309859154929577,0.045643153526971,0.0369127516778524,0,1,0,0.333039026803427,0.088630167330607,0.110914993410541,-1.28702635178527,15.658336311199,336.587504006699
Weibull,17,13,0.0001,120,2,100,238,134,0.563025210084034,38375,15909731,0.00241204581020257,24.1204581020257,311,12524,104,0.0242306194000779,0.749397590361446,0.0469433962264151,0,1,0,3.85104965893204,0.93901680346036,0.110914993410541,-1.28702635178527,18.764995023258,339.682083575525
BurrXII,21,15,0.0001,216,3,100,238,36,0.151260504201681,2156,7108543,0.000303297032880015,3.03297032880015,58,1013,202,0.0541549953314659,0.223076923076923,0.087152516904583,0.54011633514796,0.45988366485204,0,2.87369358563195,3.84067460072403,0.11367450937977,-1.61736928637605,521.985954698612,874.808587908894
G0,21,15,0.0001,216,3,100,238,21,0.0882352941176471,492,3115260,0.000157932243215655,1.57932243215655,29,215,217,0.118852459016393,0.117886178861789,0.118367346938776,0.787084379117517,0.212915620882483,0,13.8421402956552,30.4298212774307,0.11367450937977,-1.61736928637605,5770.21521916836,6338.77749745795
G0-L1,21,15,0.0001,216,2,100,238,18,0.0756302521008403,335,751799,0.000445597826014666,4.45597826014666,29,139,220,0.172619047619048,0.116465863453815,0.139088729016787,0.946522359703995,0.053477640296005,0,8.95826791674719,14.2138205519872,0.11367450937977,-1.61736928637605,91.9531925531377,445.26167233867
GenGamma,21,15,0.0001,216,3,100,238,96,0.403361344537815,88719,15139540,0.00586008557723683,58.6008557723682,464,47098,142,0.00975568731340145,0.765676567656766,0.0192659026739744,0.0462669580605213,0.953733041939479,0,0.503897774135872,1.34908612372548,0.11367450937977,-1.61736928637605,296.67553636089,1776.08439450151
GenGamma-exact,21,15,0.0001,216,3,100,238,95,0.399159663865546,43057,10578292,0.00407031683375728,40.7031683375728,382,24052,143,0.0156339526888762,0.727619047619048,0.0306102007291959,0.323727354859581,0.676272645140419,0,1.05515517052851,1.50756893998104,0.11367450937977,-1.61736928637605,617.201037370808,1662.62315557648
Lognormal,21,15,0.0001,216,2,100,238,9,0.0378151260504202,1164,15909731,7.31627706338969e-05,0.731627706338969,12,251,229,0.0456273764258555,0.0497925311203319,0.0476190476190476,0,1,0,0.337153511925649,0.0689165444630195,0.11367450937977,-1.61736928637605,15.0954506903792,335.70368370926
Weibull,21,15,0.0001,216,2,100,238,140,0.588235294117647,30070,15909731,0.00189003824137567,18.9003824137567,299,8766,98,0.0329840044125758,0.753148614609572,0.0632001690974424,0,1,0,3.80412056451814,0.730223286850605,0.11367450937977,-1.61736928637605,18.5995984865797,339.493498028474
BurrXII,31,21,0.0001,520,3,100,238,55,0.23109243697479,1547,6326458,0.000244528613009049,2.44528613009049,102,569,183,0.152011922503726,0.357894736842105,0.213389121338912,0.582981242363379,0.417018757636621,0,2.7712453284929,4.08785906701054,0.115131313983988,-1.77079165901267,503.945334055178,865.375875147423
G0,31,21,0.0001,520,3,100,238,41,0.172268907563025,527,3059130,0.000172271201289255,1.72271201289255,80,219,197,0.267558528428094,0.288808664259928,0.277777777777778,0.787611473588954,0.212388526411046,0,9.11861471597374,14.6289662009249,0.115131313983988,-1.77079165901267,5725.30035136258,6306.51242498462
G0-L1,31,21,0.0001,520,2,100,238,16,0.0672268907563025,281,797373,0.000352407217199479,3.52407217199479,27,74,222,0.267326732673267,0.108433734939759,0.154285714285714,0.943092969110205,0.0569070308897955,0,10.4954674286436,13.1555190605339,0.115131313983988,-1.77079165901267,97.2553475054177,459.72442499076
GenGamma,31,21,0.0001,520,3,100,238,105,0.441176470588235,103356,15362017,0.00672802275899057,67.2802275899057,470,50427,133,0.00923433601194569,0.779436152570481,0.018252427184466,0.03248697645567,0.96751302354433,0,0.346895810072078,0.544489296013796,0.115131313983988,-1.77079165901267,297.857267960364,1825.9737835355
GenGamma-exact,31,21,0.0001,520,3,100,238,101,0.42436974789916,43093,9871596,0.0043653528770829,43.6535287708289,403,21352,137,0.0185244771316939,0.746296296296296,0.0361516034985423,0.364936253873373,0.635063746126627,0,0.620857124140272,0.932509066755153,0.115131313983988,-1.77079165901267,543.375571481811,1563.44458639363
Lognormal,31,21,0.0001,520,2,100,238,18,0.0756302521008403,1718,15909731,0.000107984226760339,1.07984226760339,27,209,220,0.114406779661017,0.109311740890688,0.111801242236025,0,1,0,0.339306985972712,0.049011904177359,0.115131313983988,-1.77079165901267,15.9470701636267,346.406252444278
Weibull,31,21,0.0001,520,2,100,238,167,0.701680672268908,24311,15909731,0.00152805851965693,15.2805851965693,356,5911,71,0.0568054890697303,0.833723653395785,0.106363907977293,0,1,0,3.77997828291169,0.513800438364773,0.115131313983988,-1.77079165901267,19.1540796248043,349.736838472899
BurrXII,41,27,0.0001,952,3,100,238,60,0.252100840336134,1392,6177556,0.000225331830257791,2.25331830257791,118,456,178,0.205574912891986,0.398648648648649,0.271264367816092,0.589641630380417,0.410358369619583,0,2.59421007626872,3.0278003252415,0.116227195784002,-1.82441727370109,487.144546364985,850.980327682801
G0,41,27,0.0001,952,3,100,238,43,0.180672268907563,630,3147040,0.000200188113274696,2.00188113274696,73,207,195,0.260714285714286,0.272388059701493,0.266423357664234,0.780336184219924,0.219663815780076,0,7.54975466672404,11.0098388284554,0.116227195784002,-1.82441727370109,5570.7225677228,6157.18000162569
G0-L1,41,27,0.0001,952,2,100,238,14,0.0588235294117647,926,835766,0.00110796562674241,11.0796562674241,28,45,224,0.383561643835616,0.111111111111111,0.172307692307692,0.940361046674244,0.0596389533257561,0,6.23417429688387,10.3207157163488,0.116227195784002,-1.82441727370109,98.3794317158794,466.786601291652
GenGamma,41,27,0.0001,952,3,100,238,110,0.46218487394958,111646,15445115,0.00722856385336075,72.2856385336075,466,51097,128,0.00903748812132731,0.784511784511784,0.0178691259083153,0.027427144592098,0.972572855407902,0,0.298542900548738,0.407344717865749,0.116227195784002,-1.82441727370109,297.357992616938,1835.86350997572
GenGamma-exact,41,27,0.0001,952,3,100,238,102,0.428571428571429,39703,9526808,0.0041675029033859,41.675029033859,430,17224,136,0.0243570862127563,0.759717314487632,0.0472008781558727,0.385004003055739,0.614995996944261,0,0.656746589044111,0.943209990819761,0.116227195784002,-1.82441727370109,518.945942920067,1515.03729412468
Lognormal,41,27,0.0001,952,2,100,238,32,0.134453781512605,1971,15909731,0.000123886444088841,1.23886444088841,50,200,206,0.2,0.1953125,0.197628458498024,0,1,0,0.340918890778954,0.0393954970798788,0.116227195784002,-1.82441727370109,14.5934208851392,348.992465105294
Weibull,41,27,0.0001,952,2,100,238,173,0.726890756302521,22287,15909731,0.00140084078102892,14.0084078102892,430,4823,65,0.0818579859128117,0.868686868686869,0.149617258176757,0,1,0,3.76208676137567,0.412109364641203,0.116227195784002,-1.82441727370109,18.2739094493684,352.999734676006
BurrXII,51,41,0.0001,920,3,100,238,78,0.327731092436975,1675,6316085,0.000265195924374039,2.65195924374039,186,560,160,0.249329758713137,0.53757225433526,0.340659340659341,0.5804921876156,0.4195078123844,0,2.4238712266303,3.00268754103368,0.11847538208115,-1.80681414142978,497.278788036802,863.016976134644
G0,51,41,0.0001,920,3,100,238,50,0.210084033613445,989,3289322,0.000300669864488791,3.00669864488791,128,306,188,0.294930875576037,0.405063291139241,0.341333333333333,0.7707398301644,0.2292601698356,0,7.00507180383725,10.7628445939741,0.11847538208115,-1.80681414142978,5600.19559746209,6199.73700717602
G0-L1,51,41,0.0001,920,2,100,238,18,0.0756302521008403,243,865983,0.000280605970325053,2.80605970325053,53,41,220,0.563829787234043,0.194139194139194,0.288828337874659,0.938528469346606,0.0614715306533943,0,12.8148456748649,14.0893990001422,0.11847538208115,-1.80681414142978,100.182193232551,468.876575265362
GenGamma,51,41,0.0001,920,3,100,238,136,0.571428571428571,110024,15455326,0.00711884045668141,71.1884045668141,666,50805,102,0.0129393250568281,0.8671875,0.0254981910067191,0.026833025076867,0.973166974923133,0,0.306624772449018,0.418469863946943,0.11847538208115,-1.80681414142978,293.592900972804,1830.42979726486
GenGamma-exact,51,41,0.0001,920,3,100,238,126,0.529411764705882,39846,9676062,0.00411799759034202,41.1799759034202,570,17763,112,0.0310914743904435,0.835777126099707,0.0599526689455693,0.376023109654214,0.623976890345786,0,0.670526116333849,0.915668736249196,0.11847538208115,-1.80681414142978,519.009510254849,1522.10220034876
Lognormal,51,41,0.0001,920,2,100,238,58,0.243697478991597,3152,15909731,0.000198117743159831,1.98117743159831,122,249,180,0.328840970350404,0.403973509933775,0.362555720653789,0,1,0,0.344199865578343,0.0401316046843281,0.11847538208115,-1.80681414142978,14.6928146274805,350.214065852495
Weibull,51,41,0.0001,920,2,100,238,199,0.836134453781513,24555,15909731,0.00154339504545991,15.4339504545991,685,4837,39,0.124049257515393,0.946132596685083,0.219340377841819,0,1,0,3.72623530571217,0.414647148028919,0.11847538208115,-1.80681414142978,18.4405267831536,353.91206886768
BurrXII,11,7,0.001,72,3,100,238,28,0.117647058823529,11104,8995978,0.00123432938586555,1.23432938586555,51,6958,210,0.00727635896704237,0.195402298850575,0.0140302613480055,0.432078410497611,0.567921589502389,0,2.29484274814481,2.65030389529477,0.102587886875272,-1.03964603115886,598.885375433452,955.434734131555
G0,11,7,0.001,72,3,100,238,14,0.0588235294117647,2265,3766197,0.000601402422656064,0.601402422656064,16,1636,224,0.00968523002421308,0.0666666666666667,0.0169133192389006,0.752496783286232,0.247503216713767,0,21.059963204443,35.2373606197741,0.102587886875272,-1.03964603115886,5772.89377684872,6367.78691876025
G0-L1,11,7,0.001,72,2,100,238,4,0.0168067226890756,944,676319,0.00139579103943553,1.39579103943553,6,602,234,0.00986842105263158,0.025,0.0141509433962264,0.952657048776654,0.0473429512233459,0,6.21853431669662,10.2495985932583,0.102587886875272,-1.03964603115886,89.7025089220944,439.761159327825
GenGamma,11,7,0.001,72,3,100,238,105,0.441176470588235,104034,14799701,0.00702946633854292,7.02946633854292,558,57126,133,0.00967339296858748,0.807525325615051,0.0191177730192719,0.0684380152812081,0.931561984718792,0,1.27842162960013,2.40778897442824,0.102587886875272,-1.03964603115886,291.073967115161,1805.22756977024
GenGamma-exact,11,7,0.001,72,3,100,238,95,0.399159663865546,69980,12030583,0.00581684196019428,5.81684196019428,401,38665,143,0.0102646802846465,0.737132352941177,0.0202474122696289,0.239757335492881,0.760242664507119,0,1.64505993429754,3.03427059932633,0.102587886875272,-1.03964603115886,597.100876796113,1773.75040220357
Lognormal,11,7,0.001,72,2,100,238,14,0.0588235294117647,5036,15909731,0.000316535835835314,0.316535835835314,15,2559,224,0.00582750582750583,0.0627615062761506,0.0106647707074298,0,1,0,0.320293436622185,0.115809088142882,0.102587886875272,-1.03964603115886,14.9415934469574,331.498577525984
Weibull,11,7,0.001,72,2,100,238,117,0.491596638655462,92515,15909731,0.00581499460927404,5.81499460927404,564,38023,121,0.0146163215590743,0.823357664233577,0.0287227541250764,0,1,0,4.00429637378938,1.25408482826435,0.102587886875272,-1.03964603115886,20.4980116037072,337.288805934669
BurrXII,15,11,0.001,104,3,100,238,47,0.197478991596639,11525,8289071,0.00139038500213112,1.39038500213112,76,5962,191,0.0125869493209672,0.284644194756554,0.0241078509119746,0.472199178203546,0.527800821796453,0,2.48452970702542,2.9513708729436,0.109695677926404,-1.19719277199153,572.690836200008,925.190577777505
G0,15,11,0.001,104,3,100,238,32,0.134453781512605,2467,3490691,0.000706736860982539,0.706736860982539,40,1504,206,0.0259067357512953,0.16260162601626,0.0446927374301676,0.766787865479055,0.233212134520945,0,20.0259135626833,37.9160595933108,0.109695677926404,-1.19719277199153,5831.0826476574,6414.16569406763
G0-L1,15,11,0.001,104,2,100,238,19,0.0798319327731092,1212,720712,0.00168167034821121,1.68167034821121,27,591,219,0.0436893203883495,0.109756097560976,0.0625,0.949076754183404,0.0509232458165959,0,7.54991210815774,12.5638968629119,0.109695677926404,-1.19719277199153,88.7727154913938,436.354982033118
GenGamma,15,11,0.001,104,3,100,238,117,0.491596638655462,121263,14881438,0.00814860768159636,8.14860768159636,624,61820,121,0.00999295368650311,0.83758389261745,0.0197502729905522,0.0625647268096873,0.937435273190313,0,0.981616433024173,1.94873450901129,0.109695677926404,-1.19719277199153,289.012378207851,1851.64371128455
GenGamma-exact,15,11,0.001,104,3,100,238,116,0.487394957983193,75485,11378926,0.00663375436310949,6.63375436310949,473,38060,122,0.0122751926919783,0.794957983193277,0.0241770599059497,0.277491939163372,0.722508060836628,0,1.4582524583091,2.34258317435987,0.109695677926404,-1.19719277199153,577.405689589331,1712.37656376288
Lognormal,15,11,0.001,104,2,100,238,20,0.0840336134453782,5705,15909731,0.00035858557256562,0.35858557256562,23,2106,218,0.0108031939877877,0.0954356846473029,0.0194092827004219,0,1,0,0.331202922880404,0.0944818209032812,0.109695677926404,-1.19719277199153,15.584419806973,331.944168470001
Weibull,15,11,0.001,104,2,100,238,147,0.617647058823529,87765,15909731,0.00551643519302746,5.51643519302746,533,30784,91,0.0170195101701951,0.854166666666667,0.0333740333740334,0,1,0,3.87240954174458,0.993792011118636,0.109695677926404,-1.19719277199153,17.9655262847126,333.93317209405
BurrXII,17,13,0.001,120,3,100,238,59,0.247899159663866,10845,8042693,0.00134842894040591,1.34842894040591,103,5220,179,0.0193499906068007,0.365248226950355,0.0367528991971454,0.485958830985461,0.514041169014539,0,2.63009039273058,3.11138039557283,0.110914993410541,-1.28702635178527,570.366634817563,927.434660515649
G0,17,13,0.001,120,3,100,238,47,0.197478991596639,2318,3414950,0.000678780069986383,0.678780069986383,74,1304,191,0.0537010159651669,0.279245283018868,0.0900791235544735,0.770286554804923,0.229713445195077,0,18.9559408548074,38.1239958598188,0.110914993410541,-1.28702635178527,5852.63839713634,6437.24453823656
G0-L1,17,13,0.001,120,2,100,238,35,0.147058823529412,1175,735945,0.00159658670145187,1.59658670145187,48,539,203,0.0817717206132879,0.191235059760956,0.114558472553699,0.947860598534494,0.0521394014655064,0,8.18192122269714,12.8987674406907,0.110914993410541,-1.28702635178527,91.324439100475,445.177007912176
GenGamma,17,13,0.001,120,3,100,238,127,0.533613445378151,124879,14937087,0.00836033156933477,8.36033156933477,665,63015,111,0.0104428391959799,0.856958762886598,0.0206342311033884,0.0589051988156974,0.941094801184303,0,0.851502394022464,1.81894220984931,0.110914993410541,-1.28702635178527,293.858163620553,1860.53972728374
GenGamma-exact,17,13,0.001,120,3,100,238,124,0.521008403361345,74772,11176714,0.00668998061505376,6.68998061505376,519,37166,114,0.0137720578479501,0.819905213270142,0.0270890965081685,0.288935779098189,0.711064220901811,0,1.3680352857118,2.0803622994943,0.110914993410541,-1.28702635178527,572.390759363406,1699.0918864536
Lognormal,17,13,0.001,120,2,100,238,20,0.0840336134453782,5498,15909731,0.000345574667478664,0.345574667478664,23,1777,218,0.0127777777777778,0.0954356846473029,0.0225379715825576,0,1,0,0.333039026803427,0.088630167330607,0.110914993410541,-1.28702635178527,15.658336311199,336.608337308081
Weibull,17,13,0.001,120,2,100,238,167,0.701680672268908,82818,15909731,0.0052054934178334,5.2054934178334,528,27617,71,0.0187599928939421,0.881469115191987,0.036738101864737,0,1,0,3.85104965893204,0.93901680346036,0.110914993410541,-1.28702635178527,18.764995023258,339.500448596927
BurrXII,21,15,0.001,216,3,100,238,56,0.235294117647059,8504,7108543,0.00119630703507034,1.19630703507034,136,3540,182,0.0369967355821545,0.427672955974843,0.0681021532298448,0.54011633514796,0.45988366485204,0,2.87369358563195,3.84067460072403,0.11367450937977,-1.61736928637605,521.985954698612,874.679839824058
G0,21,15,0.001,216,3,100,238,46,0.19327731092437,2086,3115260,0.000669607031194828,0.669607031194828,92,990,192,0.0850277264325323,0.323943661971831,0.134699853587116,0.787084379117517,0.212915620882483,0,13.8421402956552,30.4298212774307,0.11367450937977,-1.61736928637605,5770.21521916836,6337.25928595638
G0-L1,21,15,0.001,216,2,100,238,37,0.15546218487395,977,751799,0.00129954948064576,1.29954948064576,60,306,201,0.163934426229508,0.229885057471264,0.191387559808612,0.946522359703995,0.053477640296005,0,8.95826791674719,14.2138205519872,0.11367450937977,-1.61736928637605,91.9531925531377,445.707011761675
GenGamma,21,15,0.001,216,3,100,238,129,0.542016806722689,145738,15139540,0.00962631625531555,9.62631625531555,719,69944,109,0.0101750562529188,0.868357487922705,0.0201144199969227,0.0462669580605213,0.953733041939479,0,0.503897774135872,1.34908612372548,0.11367450937977,-1.61736928637605,296.67553636089,1913.52640740576
GenGamma-exact,21,15,0.001,216,3,100,238,126,0.529411764705882,79446,10578292,0.00751028615961821,7.51028615961821,555,38806,112,0.0141002515180001,0.83208395802099,0.0277305885879884,0.323727354859581,0.676272645140419,0,1.05515517052851,1.50756893998104,0.11367450937977,-1.61736928637605,617.201037370808,1720.60300628956
Lognormal,21,15,0.001,216,2,100,238,25,0.105042016806723,4909,15909731,0.000308553299864089,0.308553299864089,35,1327,213,0.025697503671072,0.141129032258065,0.0434782608695652,0,1,0,0.337153511925649,0.0689165444630195,0.11367450937977,-1.61736928637605,15.0954506903792,335.926347286104
Weibull,21,15,0.001,216,2,100,238,180,0.756302521008403,67042,15909731,0.0042138990282111,4.2138990282111,498,20589,58,0.0236164461516574,0.89568345323741,0.0460194982211339,0,1,0,3.80412056451814,0.730223286850605,0.11367450937977,-1.61736928637605,18.5995984865797,339.074556042409
BurrXII,31,21,0.001,520,3,100,238,73,0.30672268907563,5990,6326458,0.000946817318632322,0.946817318632322,165,2097,165,0.0729442970822281,0.5,0.127314814814815,0.582981242363379,0.417018757636621,0,2.7712453284929,4.08785906701054,0.115131313983988,-1.77079165901267,503.945334055178,865.495586879805
G0,31,21,0.001,520,3,100,238,60,0.252100840336134,2278,3059130,0.00074465616041162,0.74465616041162,120,903,178,0.117302052785924,0.402684563758389,0.181680545041635,0.787611473588954,0.212388526411046,0,9.11861471597374,14.6289662009249,0.115131313983988,-1.77079165901267,5725.30035136258,6301.32255882754
G0-L1,31,21,0.001,520,2,100,238,35,0.147058823529412,1260,797373,0.00158018894544962,1.58018894544962,46,109,203,0.296774193548387,0.184738955823293,0.227722772277228,0.943092969110205,0.0569070308897955,0,10.4954674286436,13.1555190605339,0.115131313983988,-1.77079165901267,97.2553475054177,459.712468540703
GenGamma,31,21,0.001,520,3,100,238,128,0.53781512605042,163282,15362017,0.0106289428009356,10.6289428009356,646,72588,110,0.00882103940792528,0.854497354497355,0.017461819164752,0.03248697645567,0.96751302354433,0,0.346895810072078,0.544489296013796,0.115131313983988,-1.77079165901267,297.857267960364,2011.84457841858
GenGamma-exact,31,21,0.001,520,3,100,238,126,0.529411764705882,76064,9871596,0.00770533964315395,7.70533964315395,527,33215,112,0.0156185169818031,0.82472613458529,0.0306564672348099,0.364936253873373,0.635063746126627,0,0.620857124140272,0.932509066755153,0.115131313983988,-1.77079165901267,543.375571481811,1627.78328704222
Lognormal,31,21,0.001,520,2,100,238,52,0.218487394957983,5435,15909731,0.000341614826800026,0.341614826800026,84,1014,186,0.0765027322404372,0.311111111111111,0.12280701754386,0,1,0,0.339306985972712,0.049011904177359,0.115131313983988,-1.77079165901267,15.9470701636267,346.405393592042
Weibull,31,21,0.001,520,2,100,238,189,0.794117647058823,52383,15909731,0.0032925132423672,3.2925132423672,539,14782,49,0.035180471248613,0.916666666666667,0.0677603872022126,0,1,0,3.77997828291169,0.513800438364773,0.115131313983988,-1.77079165901267,19.1540796248043,349.430111666127
BurrXII,41,27,0.001,952,3,100,238,84,0.352941176470588,4802,6177556,0.000777330063863444,0.777330063863444,188,1546,154,0.108419838523645,0.549707602339181,0.18111753371869,0.589641630380417,0.410358369619583,0,2.59421007626872,3.0278003252415,0.116227195784002,-1.82441727370109,487.144546364985,851.095524306285
G0,41,27,0.001,952,3,100,238,53,0.222689075630252,2583,3147040,0.000820771264426255,0.820771264426254,105,771,185,0.11986301369863,0.362068965517241,0.180102915951973,0.780336184219924,0.219663815780076,0,7.54975466672404,11.0098388284554,0.116227195784002,-1.82441727370109,5570.7225677228,6152.61297511016
G0-L1,41,27,0.001,952,2,100,238,27,0.113445378151261,1167,835766,0.00139632385141296,1.39632385141296,41,65,211,0.386792452830189,0.162698412698413,0.229050279329609,0.940361046674244,0.0596389533257561,0,6.23417429688387,10.3207157163488,0.116227195784002,-1.82441727370109,98.3794317158794,464.385655327261
GenGamma,41,27,0.001,952,3,100,238,126,0.529411764705882,171862,15445115,0.0111272722799409,11.1272722799409,631,72420,112,0.0086378009883506,0.849259757738896,0.0171016613816841,0.027427144592098,0.972572855407902,0,0.298542900548738,0.407344717865749,0.116227195784002,-1.82441727370109,297.357992616938,2003.55986276768
GenGamma-exact,41,27,0.001,952,3,100,238,122,0.512605042016807,68645,9526808,0.00720545643409629,7.20545643409629,587,26764,116,0.0214617381448576,0.834992887624467,0.0418478648321095,0.385004003055739,0.614995996944261,0,0.656746589044111,0.943209990819761,0.116227195784002,-1.82441727370109,518.945942920067,1573.51461045683
Lognormal,41,27,0.001,952,2,100,238,66,0.277310924369748,5379,15909731,0.000338094968419013,0.338094968419013,131,883,172,0.129191321499014,0.432343234323432,0.198936977980258,0,1,0,0.340918890778954,0.0393954970798788,0.116227195784002,-1.82441727370109,14.5934208851392,349.135862755413
Weibull,41,27,0.001,952,2,100,238,199,0.836134453781513,47630,15909731,0.00299376526227879,2.99376526227879,714,12637,39,0.0534791401393154,0.948207171314741,0.101247872943846,0,1,0,3.76208676137567,0.412109364641203,0.116227195784002,-1.82441727370109,18.2739094493684,352.804124944596
BurrXII,51,41,0.001,920,3,100,238,95,0.399159663865546,5579,6316085,0.000883300335571798,0.883300335571798,325,1652,143,0.164390490642387,0.694444444444444,0.265848670756646,0.5804921876156,0.4195078123844,0,2.4238712266303,3.00268754103368,0.11847538208115,-1.80681414142978,497.278788036802,862.610340274189
G0,51,41,0.001,920,3,100,238,73,0.30672268907563,2937,3289322,0.000892889172905541,0.892889172905541,231,840,165,0.215686274509804,0.583333333333333,0.314928425357873,0.7707398301644,0.2292601698356,0,7.00507180383725,10.7628445939741,0.11847538208115,-1.80681414142978,5600.19559746209,6193.35310942851
G0-L1,51,41,0.001,920,2,100,238,33,0.138655462184874,415,865983,0.000479224188003691,0.479224188003691,82,60,205,0.577464788732394,0.285714285714286,0.382284382284382,0.938528469346606,0.0614715306533943,0,12.8148456748649,14.0893990001422,0.11847538208115,-1.80681414142978,100.182193232551,469.486041350668
GenGamma,51,41,0.001,920,3,100,238,155,0.651260504201681,168751,15455326,0.0109186308978536,10.9186308978536,876,71785,83,0.0120559860172582,0.913451511991658,0.0237978810105949,0.026833025076867,0.973166974923133,0,0.306624772449018,0.418469863946943,0.11847538208115,-1.80681414142978,293.592900972804,1992.7207426618
GenGamma-exact,51,41,0.001,920,3,100,238,148,0.621848739495798,68302,9676062,0.00705886340951515,7.05886340951515,768,27456,90,0.0272108843537415,0.895104895104895,0.0528161749535795,0.376023109654214,0.623976890345786,0,0.670526116333849,0.915668736249196,0.11847538208115,-1.80681414142978,519.009510254849,1584.11884674549
Lognormal,51,41,0.001,920,2,100,238,94,0.394957983193277,6955,15909731,0.000437153839998929,0.437153839998929,186,938,144,0.165480427046263,0.563636363636364,0.255845942228336,0,1,0,0.344199865578343,0.0401316046843281,0.11847538208115,-1.80681414142978,14.6928146274805,350.204587804605
Weibull,51,41,0.001,920,2,100,238,215,0.903361344537815,49457,15909731,0.00310860064195931,3.10860064195931,898,12278,23,0.068154219793564,0.975027144408252,0.127402993544726,0,1,0,3.72623530571217,0.414647148028919,0.11847538208115,-1.80681414142978,18.4405267831536,353.813742555975
BurrXII,11,7,0.01,72,3,100,238,92,0.38655462184874,81314,8995978,0.00903892828550715,0.903892828550715,328,38470,146,0.00845404402288778,0.691983122362869,0.0167040130372785,0.432078410497611,0.567921589502389,0,2.29484274814481,2.65030389529477,0.102587886875272,-1.03964603115886,598.885375433452,954.92115276374
G0,11,7,0.01,72,3,100,238,72,0.302521008403361,22064,3766197,0.00585842960418693,0.585842960418693,193,13136,166,0.0144797059044189,0.537604456824513,0.0281998831092928,0.752496783286232,0.247503216713767,0,21.059963204443,35.2373606197741,0.102587886875272,-1.03964603115886,5772.89377684872,6373.09013500851
G0-L1,11,7,0.01,72,2,100,238,25,0.105042016806723,5113,676319,0.00756004193287487,0.756004193287487,31,2027,213,0.0150631681243926,0.127049180327869,0.0269331016507385,0.952657048776654,0.0473429512233459,0,6.21853431669662,10.2495985932583,0.102587886875272,-1.03964603115886,89.7025089220944,441.443491357032
GenGamma,11,7,0.01,72,3,100,238,142,0.596638655462185,271221,14799701,0.0183261134802656,1.83261134802656,1247,120898,96,0.010209177616767,0.928518242740134,0.0201962943767815,0.0684380152812081,0.931561984718792,0,1.27842162960013,2.40778897442824,0.102587886875272,-1.03964603115886,291.073967115161,1906.55238615223
GenGamma-exact,11,7,0.01,72,3,100,238,139,0.584033613445378,210527,12030583,0.0174993181959677,1.74993181959677,994,93400,99,0.0105303303176049,0.909423604757548,0.0208195880067444,0.239757335492881,0.760242664507119,0,1.64505993429754,3.03427059932633,0.102587886875272,-1.03964603115886,597.100876796113,1803.72801376617
Lognormal,11,7,0.01,72,2,100,238,65,0.273109243697479,47663,15909731,0.00299583946453903,0.299583946453903,147,19802,173,0.00736879041555968,0.459375,0.0145049089742957,0,1,0,0.320293436622185,0.115809088142882,0.102587886875272,-1.03964603115886,14.9415934469574,332.054672079481
Weibull,11,7,0.01,72,2,100,238,188,0.789915966386555,268427,15909731,0.0168718754578566,1.68718754578566,1499,98484,50,0.0149925487332847,0.967721110393802,0.029527636607178,0,1,0,4.00429637378938,1.25408482826435,0.102587886875272,-1.03964603115886,20.4980116037072,337.314491751184
BurrXII,15,11,0.01,104,3,100,238,110,0.46218487394958,81155,8289071,0.0097906025898439,0.97906025898439,338,32210,128,0.0103846626520831,0.725321888412017,0.0204761616284001,0.472199178203546,0.527800821796453,0,2.48452970702542,2.9513708729436,0.109695677926404,-1.19719277199153,572.690836200008,926.146253333804
G0,15,11,0.01,104,3,100,238,98,0.411764705882353,21412,3490691,0.00613402905040864,0.613402905040864,243,10892,140,0.021823080377189,0.634464751958224,0.0421948254905365,0.766787865479055,0.233212134520945,0,20.0259135626833,37.9160595933108,0.109695677926404,-1.19719277199153,5831.0826476574,6418.98760338817
G0-L1,15,11,0.01,104,2,100,238,67,0.281512605042017,6186,720712,0.00858317885646416,0.858317885646416,102,1738,171,0.0554347826086957,0.373626373626374,0.0965451964032182,0.949076754183404,0.0509232458165959,0,7.54991210815774,12.5638968629119,0.109695677926404,-1.19719277199153,88.7727154913938,439.359523214316
GenGamma,15,11,0.01,104,3,100,238,151,0.634453781512605,294883,14881438,0.0198154909491946,1.98154909491946,1215,122028,87,0.00985857208928702,0.933179723502304,0.0195110201132121,0.0625647268096873,0.937435273190313,0,0.981616433024173,1.94873450901129,0.109695677926404,-1.19719277199153,289.012378207851,1980.66075796777
GenGamma-exact,15,11,0.01,104,3,100,238,150,0.630252100840336,215079,11378926,0.018901520231347,1.8901520231347,983,86866,88,0.0111896549761523,0.917833800186741,0.0221097615834458,0.277491939163372,0.722508060836628,0,1.4582524583091,2.34258317435987,0.109695677926404,-1.19719277199153,577.405689589331,1747.63181004642
Lognormal,15,11,0.01,104,2,100,238,82,0.34453781512605,48899,15909731,0.00307352776737708,0.307352776737708,171,16155,156,0.0104740904079383,0.522935779816514,0.0205368402089714,0,1,0,0.331202922880404,0.0944818209032812,0.109695677926404,-1.19719277199153,15.584419806973,331.528177254832
Weibull,15,11,0.01,104,2,100,238,210,0.882352941176471,258312,15909731,0.0162361010377862,1.62361010377862,1342,85165,28,0.0155131954639509,0.97956204379562,0.0305426903512865,0,1,0,3.87240954174458,0.993792011118636,0.109695677926404,-1.19719277199153,17.9655262847126,333.837201491336
BurrXII,17,13,0.01,120,3,100,238,130,0.546218487394958,78238,8042693,0.00972783618621275,0.972783618621275,409,29117,108,0.0138521980627244,0.79110251450677,0.027227640382119,0.485958830985461,0.514041169014539,0,2.63009039273058,3.11138039557283,0.110914993410541,-1.28702635178527,570.366634817563,926.934857591564
G0,17,13,0.01,120,3,100,238,112,0.470588235294118,20631,3414950,0.00604137688692367,0.604137688692367,276,10002,126,0.0268534734384121,0.686567164179104,0.051685393258427,0.770286554804923,0.229713445195077,0,18.9559408548074,38.1239958598188,0.110914993410541,-1.28702635178527,5852.63839713634,6444.43078801226
G0-L1,17,13,0.01,120,2,100,238,67,0.281512605042017,6077,735945,0.00825741054018982,0.825741054018982,123,1551,171,0.0734767025089606,0.418367346938776,0.125,0.947860598534494,0.0521394014655064,0,8.18192122269714,12.8987674406907,0.110914993410541,-1.28702635178527,91.324439100475,447.878803680182
GenGamma,17,13,0.01,120,3,100,238,164,0.689075630252101,299353,14937087,0.0200409223029899,2.00409223029899,1275,122407,74,0.0103086948788021,0.945144551519644,0.0203949420543705,0.0589051988156974,0.941094801184303,0,0.851502394022464,1.81894220984931,0.110914993410541,-1.28702635178527,293.858163620553,2025.40799008639
GenGamma-exact,17,13,0.01,120,3,100,238,157,0.659663865546218,212182,11176714,0.0189842918052658,1.89842918052658,1050,84092,81,0.0123323389161636,0.928381962864722,0.0243413350642727,0.288935779098189,0.711064220901811,0,1.3680352857118,2.0803622994943,0.110914993410541,-1.28702635178527,572.390759363406,1742.65935006357
Lognormal,17,13,0.01,120,2,100,238,107,0.449579831932773,47944,15909731,0.00301350161105804,0.301350161105804,228,14326,131,0.0156657963446475,0.635097493036212,0.0305773486220076,0,1,0,0.333039026803427,0.088630167330607,0.110914993410541,-1.28702635178527,15.658336311199,336.827915151534
Weibull,17,13,0.01,120,2,100,238,217,0.911764705882353,247920,15909731,0.0155829158896527,1.55829158896527,1247,78938,21,0.0155515370705244,0.983438485804416,0.0306188845100856,0,1,0,3.85104965893204,0.93901680346036,0.110914993410541,-1.28702635178527,18.764995023258,339.589247783471
BurrXII,21,15,0.01,216,3,100,238,140,0.588235294117647,65472,7108543,0.00921032622296862,0.921032622296862,369,21329,98,0.0170061756843949,0.790149892933619,0.033295736521543,0.54011633514796,0.45988366485204,0,2.87369358563195,3.84067460072403,0.11367450937977,-1.61736928637605,521.985954698612,875.765054836182
G0,21,15,0.01,216,3,100,238,125,0.525210084033613,18336,3115260,0.0058858650642322,0.58858650642322,284,7260,113,0.0376458112407211,0.71536523929471,0.0715275154262687,0.787084379117517,0.212915620882483,0,13.8421402956552,30.4298212774307,0.11367450937977,-1.61736928637605,5770.21521916836,6336.77705882984
G0-L1,21,15,0.01,216,2,100,238,70,0.294117647058824,5685,751799,0.0075618616146071,0.75618616146071,106,975,168,0.0980573543015726,0.386861313868613,0.156457564575646,0.946522359703995,0.053477640296005,0,8.95826791674719,14.2138205519872,0.11367450937977,-1.61736928637605,91.9531925531377,450.386228917862
GenGamma,21,15,0.01,216,3,100,238,176,0.739495798319328,323153,15139540,0.0213449682090737,2.13449682090737,1271,127318,62,0.00988420471424461,0.953488372093023,0.0195655855051492,0.0462669580605213,0.953733041939479,0,0.503897774135872,1.34908612372548,0.11367450937977,-1.61736928637605,296.67553636089,2108.64018845672
GenGamma-exact,21,15,0.01,216,3,100,238,176,0.739495798319328,209078,10578292,0.0197648164750982,1.97648164750983,1057,80610,62,0.0129428043150844,0.944593386952636,0.0255357185997632,0.323727354859581,0.676272645140419,0,1.05515517052851,1.50756893998104,0.11367450937977,-1.61736928637605,617.201037370808,1767.53631181244
Lognormal,21,15,0.01,216,2,100,238,118,0.495798319327731,40928,15909731,0.00257251363960836,0.257251363960836,228,11002,120,0.0203027604630454,0.655172413793103,0.0393850405942304,0,1,0,0.337153511925649,0.0689165444630195,0.11367450937977,-1.61736928637605,15.0954506903792,335.610952206407
Weibull,21,15,0.01,216,2,100,238,217,0.911764705882353,213009,15909731,0.0133885984621613,1.33885984621613,1060,64878,21,0.0160757074827869,0.980573543015726,0.031632820543428,0,1,0,3.80412056451814,0.730223286850605,0.11367450937977,-1.61736928637605,18.5995984865797,339.374135971646
BurrXII,31,21,0.01,520,3,100,238,169,0.710084033613445,50785,6326458,0.0080273985854328,0.80273985854328,472,14319,69,0.0319112974105875,0.872458410351202,0.0615705713540308,0.582981242363379,0.417018757636621,0,2.7712453284929,4.08785906701054,0.115131313983988,-1.77079165901267,503.945334055178,865.6524132981
G0,31,21,0.01,520,3,100,238,151,0.634453781512605,16758,3059130,0.00547802806680331,0.547802806680331,342,5391,87,0.0596546310832025,0.797202797202797,0.111002921129503,0.787611473588954,0.212388526411046,0,9.11861471597374,14.6289662009249,0.115131313983988,-1.77079165901267,5725.30035136258,6305.60192505594
G0-L1,31,21,0.01,520,2,100,238,70,0.294117647058824,3456,797373,0.00433423253609039,0.433423253609039,123,421,168,0.226102941176471,0.422680412371134,0.294610778443114,0.943092969110205,0.0569070308897955,0,10.4954674286436,13.1555190605339,0.115131313983988,-1.77079165901267,97.2553475054177,462.232114018769
GenGamma,31,21,0.01,520,3,100,238,192,0.80672268907563,339791,15362017,0.0221189053494733,2.21189053494733,1126,126045,46,0.00885421990862697,0.960750853242321,0.0175467302462931,0.03248697645567,0.96751302354433,0,0.346895810072078,0.544489296013796,0.115131313983988,-1.77079165901267,297.857267960364,2217.21214110329
GenGamma-exact,31,21,0.01,520,3,100,238,192,0.80672268907563,191665,9871596,0.0194158067246674,1.94158067246674,968,66933,46,0.0142560492481701,0.954635108481262,0.0280925778132482,0.364936253873373,0.635063746126627,0,0.620857124140272,0.932509066755153,0.115131313983988,-1.77079165901267,543.375571481811,1695.87527625135
Lognormal,31,21,0.01,520,2,100,238,158,0.663865546218487,34799,15909731,0.00218727771072936,0.218727771072936,298,8208,80,0.0350340935810016,0.788359788359788,0.0670868977937866,0,1,0,0.339306985972712,0.049011904177359,0.115131313983988,-1.77079165901267,15.9470701636267,347.60098338581
Weibull,31,21,0.01,520,2,100,238,221,0.928571428571429,176239,15909731,0.0110774343073431,1.10774343073431,1087,53061,17,0.0200746103272512,0.984601449275362,0.0393469919640918,0,1,0,3.77997828291169,0.513800438364773,0.115131313983988,-1.77079165901267,19.1540796248043,349.921908860441
BurrXII,41,27,0.01,952,3,100,238,166,0.697478991596639,42906,6177556,0.0069454651645408,0.69454651645408,564,11994,72,0.0449116101290014,0.886792452830189,0.0854934060936789,0.589641630380417,0.410358369619583,0,2.59421007626872,3.0278003252415,0.116227195784002,-1.82441727370109,487.144546364985,851.274245321939
G0,41,27,0.01,952,3,100,238,145,0.609243697478992,16352,3147040,0.00519599369566323,0.519599369566323,378,4894,93,0.0716995447647951,0.802547770700637,0.131638516454815,0.780336184219924,0.219663815780076,0,7.54975466672404,11.0098388284554,0.116227195784002,-1.82441727370109,5570.7225677228,6158.00984919475
G0-L1,41,27,0.01,952,2,100,238,70,0.294117647058824,2684,835766,0.00321142520753417,0.321142520753417,101,237,168,0.298816568047337,0.37546468401487,0.332784184514003,0.940361046674244,0.0596389533257561,0,6.23417429688387,10.3207157163488,0.116227195784002,-1.82441727370109,98.3794317158794,466.757216275863
GenGamma,41,27,0.01,952,3,100,238,200,0.840336134453782,344158,15445115,0.0222826440593029,2.22826440593029,1149,123336,38,0.00923002771418243,0.96798652064027,0.0182856960977783,0.027427144592098,0.972572855407902,0,0.298542900548738,0.407344717865749,0.116227195784002,-1.82441727370109,297.357992616938,2264.96673634617
GenGamma-exact,41,27,0.01,952,3,100,238,198,0.831932773109244,171276,9526808,0.0179783197058238,1.79783197058238,1049,55194,40,0.0186512099283466,0.963269054178145,0.036593874276146,0.385004003055739,0.614995996944261,0,0.656746589044111,0.943209990819761,0.116227195784002,-1.82441727370109,518.945942920067,1623.70289233827
Lognormal,41,27,0.01,952,2,100,238,163,0.684873949579832,31727,15909731,0.00199418833668527,0.199418833668527,353,7194,75,0.0467735524049291,0.824766355140187,0.0885266457680251,0,1,0,0.340918890778954,0.0393954970798788,0.116227195784002,-1.82441727370109,14.5934208851392,349.146905141304
Weibull,41,27,0.01,952,2,100,238,229,0.96218487394958,160693,15909731,0.0101002964789285,1.01002964789285,1134,47528,9,0.0233036044552217,0.992125984251969,0.0455375966268447,0,1,0,3.76208676137567,0.412109364641203,0.116227195784002,-1.82441727370109,18.2739094493684,352.8583614633
BurrXII,51,41,0.01,920,3,100,238,177,0.743697478991597,42793,6316085,0.00677524130850044,0.677524130850044,719,11870,61,0.0571133529271586,0.921794871794872,0.107562270925275,0.5804921876156,0.4195078123844,0,2.4238712266303,3.00268754103368,0.11847538208115,-1.80681414142978,497.278788036802,863.155650097464
G0,51,41,0.01,920,3,100,238,152,0.638655462184874,16767,3289322,0.00509740305144951,0.509740305144951,546,5064,86,0.0973262032085561,0.863924050632911,0.174943928228132,0.7707398301644,0.2292601698356,0,7.00507180383725,10.7628445939741,0.11847538208115,-1.80681414142978,5600.19559746209,6196.72961337846
G0-L1,51,41,0.01,920,2,100,238,70,0.294117647058824,2212,865983,0.00255432265991365,0.255432265991365,151,253,168,0.373762376237624,0.473354231974922,0.417704011065007,0.938528469346606,0.0614715306533943,0,12.8148456748649,14.0893990001422,0.11847538208115,-1.80681414142978,100.182193232551,469.588011649717
GenGamma,51,41,0.01,920,3,100,238,211,0.886554621848739,338081,15455326,0.0218747246094971,2.18747246094971,1240,122093,27,0.0100540812272466,0.978689818468824,0.0199036918138042,0.026833025076867,0.973166974923133,0,0.306624772449018,0.418469863946943,0.11847538208115,-1.80681414142978,293.592900972804,2233.01720004969
GenGamma-exact,51,41,0.01,920,3,100,238,205,0.861344537815126,170096,9676062,0.0175790523045429,1.75790523045429,1129,56091,33,0.0197308633344984,0.971600688468158,0.0386763043403789,0.376023109654214,0.623976890345786,0,0.670526116333849,0.915668736249196,0.11847538208115,-1.80681414142978,519.009510254849,1636.40754378996
Lognormal,51,41,0.01,920,2,100,238,190,0.798319327731092,33391,15909731,0.00209877841429249,0.209877841429249,572,7169,48,0.0738922619816561,0.92258064516129,0.136825738548021,0,1,0,0.344199865578343,0.0401316046843281,0.11847538208115,-1.80681414142978,14.6928146274805,350.428466043897
Weibull,51,41,0.01,920,2,100,238,231,0.970588235294118,162144,15909731,0.0101914985237651,1.01914985237651,1388,46323,7,0.0290918236884576,0.994982078853047,0.0565307701706512,0,1,0,3.72623530571217,0.414647148028919,0.11847538208115,-1.80681414142978,18.4405267831536,354.17345441105
BurrXII,11,7,0.1,72,3,100,238,238,1,1024490,8995978,0.113883115321091,1.13883115321091,4404,249805,0,0.0173243276201865,1,0.0340586126760836,0.432078410497611,0.567921589502389,0,2.29484274814481,2.65030389529477,0.102587886875272,-1.03964603115886,598.885375433452,957.59962455888
G0,11,7,0.1,72,3,100,238,234,0.983193277310924,380876,3766197,0.10113013206691,1.0113013206691,3038,124267,4,0.0238639487844154,0.998685075608153,0.0466140379141829,0.752496783286232,0.247503216713767,0,21.059963204443,35.2373606197741,0.102587886875272,-1.03964603115886,5772.89377684872,6399.90125039684
G0-L1,11,7,0.1,72,2,100,238,123,0.516806722689076,63705,676319,0.0941937162788566,0.941937162788566,402,10052,115,0.0384541802180983,0.777562862669246,0.0732841126606508,0.952657048776654,0.0473429512233459,0,6.21853431669662,10.2495985932583,0.102587886875272,-1.03964603115886,89.7025089220944,444.242263811801
GenGamma,11,7,0.1,72,3,100,238,233,0.978991596638655,1432441,14799701,0.0967885094435354,0.967885094435354,5234,356141,5,0.0144835696990661,0.999045619393014,0.0285531921857867,0.0684380152812081,0.931561984718792,0,1.27842162960013,2.40778897442824,0.102587886875272,-1.03964603115886,291.073967115161,1734.50291626344
GenGamma-exact,11,7,0.1,72,3,100,238,233,0.978991596638655,1272163,12030583,0.105744085718872,1.05744085718872,4924,316891,5,0.0153007162500194,0.998985595455468,0.0301398036383224,0.239757335492881,0.760242664507119,0,1.64505993429754,3.03427059932633,0.102587886875272,-1.03964603115886,597.100876796113,1899.89758187086
Lognormal,11,7,0.1,72,2,100,238,233,0.978991596638655,1009825,15909731,0.0634721605286727,0.634721605286727,3903,266670,5,0.0144249426217694,0.998720573183214,0.0284391269341047,0,1,0,0.320293436622185,0.115809088142882,0.102587886875272,-1.03964603115886,14.9415934469574,332.265348532973
Weibull,11,7,0.1,72,2,100,238,238,1,1357605,15909731,0.0853317381670375,0.853317381670375,5803,337408,0,0.0169079662365134,1,0.0332536803681228,0,1,0,4.00429637378938,1.25408482826435,0.102587886875272,-1.03964603115886,20.4980116037072,339.54777748979
BurrXII,15,11,0.1,104,3,100,238,238,1,970254,8289071,0.117052200421495,1.17052200421495,3683,209411,0,0.0172834523731311,1,0.0339796196090914,0.472199178203546,0.527800821796453,0,2.48452970702542,2.9513708729436,0.109695677926404,-1.19719277199153,572.690836200008,927.914403105364
G0,15,11,0.1,104,3,100,238,237,0.995798319327731,361977,3490691,0.103697806537445,1.03697806537445,2588,98638,1,0.0255665540473791,0.999613750482812,0.0498579203390647,0.766787865479055,0.233212134520945,0,20.0259135626833,37.9160595933108,0.109695677926404,-1.19719277199153,5831.0826476574,6439.11973780468
G0-L1,15,11,0.1,104,2,100,238,131,0.550420168067227,77827,720712,0.107986269133857,1.07986269133857,370,8931,107,0.0397806687452962,0.775681341719078,0.0756800981795868,0.949076754183404,0.0509232458165959,0,7.54991210815774,12.5638968629119,0.109695677926404,-1.19719277199153,88.7727154913938,442.846543043067
GenGamma,15,11,0.1,104,3,100,238,238,1,1431845,14881438,0.0962168440979964,0.962168440979964,4304,335183,0,0.0126779523221802,1,0.0250384681390729,0.0625647268096873,0.937435273190313,0,0.981616433024173,1.94873450901129,0.109695677926404,-1.19719277199153,289.012378207851,1715.40720178273
GenGamma-exact,15,11,0.1,104,3,100,238,238,1,1227088,11378926,0.107838648392651,1.07838648392651,4053,283707,0,0.0140846538782319,1,0.0277780633487884,0.277491939163372,0.722508060836628,0,1.4582524583091,2.34258317435987,0.109695677926404,-1.19719277199153,577.405689589331,1819.92086290111
Lognormal,15,11,0.1,104,2,100,238,238,1,1008093,15909731,0.0633632963373171,0.633632963373171,3269,244757,0,0.0131800698313886,1,0.0260172307447422,0,1,0,0.331202922880404,0.0944818209032812,0.109695677926404,-1.19719277199153,15.584419806973,331.720560155698
Weibull,15,11,0.1,104,2,100,238,238,1,1348276,15909731,0.0847453674735292,0.847453674735292,4877,318211,0,0.0150949586490368,1,0.0297409784580672,0,1,0,3.87240954174458,0.993792011118636,0.109695677926404,-1.19719277199153,17.9655262847126,333.526928851761
BurrXII,17,13,0.1,120,3,100,238,238,1,939832,8042693,0.116855386622366,1.16855386622366,3514,193970,0,0.0177938465901035,1,0.0349655220449955,0.485958830985461,0.514041169014539,0,2.63009039273058,3.11138039557283,0.110914993410541,-1.28702635178527,570.366634817563,928.983367406251
G0,17,13,0.1,120,3,100,238,236,0.991596638655462,353898,3414950,0.103631971185522,1.03631971185522,2557,90490,2,0.0274807355422528,0.999218444704963,0.0534903667133862,0.770286554804923,0.229713445195077,0,18.9559408548074,38.1239958598188,0.110914993410541,-1.28702635178527,5852.63839713634,6464.36036826357
G0-L1,17,13,0.1,120,2,100,238,123,0.516806722689076,81926,735945,0.111320818811188,1.11320818811188,352,8647,115,0.0391154572730303,0.753747323340471,0.074371434608071,0.947860598534494,0.0521394014655064,0,8.18192122269714,12.8987674406907,0.110914993410541,-1.28702635178527,91.324439100475,452.17355563292
GenGamma,17,13,0.1,120,3,100,238,238,1,1422063,14937087,0.0952035025303126,0.952035025303126,4086,329451,0,0.0122505149353745,1,0.0242045121333558,0.0589051988156974,0.941094801184303,0,0.851502394022464,1.81894220984931,0.110914993410541,-1.28702635178527,293.858163620553,1715.44201597158
GenGamma-exact,17,13,0.1,120,3,100,238,238,1,1199087,11176714,0.107284395037754,1.07284395037754,3875,272401,0,0.0140258292432205,1,0.0276636528158029,0.288935779098189,0.711064220901811,0,1.3680352857118,2.0803622994943,0.110914993410541,-1.28702635178527,572.390759363406,1806.72826682085
Lognormal,17,13,0.1,120,2,100,238,238,1,993056,15909731,0.0624181515074013,0.624181515074013,3107,235032,0,0.0130470019610396,1,0.0257579400280212,0,1,0,0.333039026803427,0.088630167330607,0.110914993410541,-1.28702635178527,15.658336311199,336.827921286193
Weibull,17,13,0.1,120,2,100,238,238,1,1330822,15909731,0.0836483030417045,0.836483030417045,4434,309529,0,0.014122683246115,1,0.0278520212187929,0,1,0,3.85104965893204,0.93901680346036,0.110914993410541,-1.28702635178527,18.764995023258,339.657870077128
BurrXII,21,15,0.1,216,3,100,238,237,0.995798319327731,811927,7108543,0.114218483309449,1.14218483309449,2759,140709,1,0.0192307692307692,0.99963768115942,0.0377355909948847,0.54011633514796,0.45988366485204,0,2.87369358563195,3.84067460072403,0.11367450937977,-1.61736928637605,521.985954698612,876.843754840629
G0,21,15,0.1,216,3,100,238,234,0.983193277310924,311772,3115260,0.100078966121608,1.00078966121608,2027,62793,4,0.0312712125887072,0.998030526834072,0.0606423239742113,0.787084379117517,0.212915620882483,0,13.8421402956552,30.4298212774307,0.11367450937977,-1.61736928637605,5770.21521916836,6358.45788173298
G0-L1,21,15,0.1,216,2,100,238,111,0.466386554621849,82539,751799,0.109788653616193,1.09788653616193,280,7717,127,0.0350131299237214,0.687960687960688,0.0666349357448834,0.946522359703995,0.053477640296005,0,8.95826791674719,14.2138205519872,0.11367450937977,-1.61736928637605,91.9531925531377,454.123867963738
GenGamma,21,15,0.1,216,3,100,238,238,1,1401312,15139540,0.0925597475220515,0.925597475220515,3729,314417,0,0.0117210337392266,1,0.0231704854368932,0.0462669580605213,0.953733041939479,0,0.503897774135872,1.34908612372548,0.11367450937977,-1.61736928637605,296.67553636089,1715.70143228947
GenGamma-exact,21,15,0.1,216,3,100,238,238,1,1112355,10578292,0.105154499422024,1.05154499422024,3383,237717,0,0.0140315221899627,1,0.0276747258500591,0.323727354859581,0.676272645140419,0,1.05515517052851,1.50756893998104,0.11367450937977,-1.61736928637605,617.201037370808,1798.35842050939
Lognormal,21,15,0.1,216,2,100,238,238,1,928298,15909731,0.0583478124174444,0.583478124174444,2618,216724,0,0.0119356985894174,1,0.0235898360064877,0,1,0,0.337153511925649,0.0689165444630195,0.11367450937977,-1.61736928637605,15.0954506903792,335.90394964672
Weibull,21,15,0.1,216,2,100,238,238,1,1266755,15909731,0.0796213964899846,0.796213964899846,3835,295822,0,0.0127979656740874,1,0.0252724948268818,0,1,0,3.80412056451814,0.730223286850605,0.11367450937977,-1.61736928637605,18.5995984865797,339.772318272235
BurrXII,31,21,0.1,520,3,100,238,233,0.978991596638655,678278,6326458,0.107212914398547,1.07212914398547,2222,98614,5,0.0220357808719108,0.997754827121688,0.0431192571533916,0.582981242363379,0.417018757636621,0,2.7712453284929,4.08785906701054,0.115131313983988,-1.77079165901267,503.945334055178,867.090990793411
G0,31,21,0.1,520,3,100,238,218,0.915966386554622,280107,3059130,0.0915642682723519,0.915642682723519,1643,45463,20,0.0348787840190209,0.987973541791942,0.0673788677233488,0.787611473588954,0.212388526411046,0,9.11861471597374,14.6289662009249,0.115131313983988,-1.77079165901267,5725.30035136258,6327.79575880362
G0-L1,31,21,0.1,520,2,100,238,84,0.352941176470588,78334,797373,0.0982400959149607,0.982400959149607,189,7125,154,0.0258408531583265,0.551020408163265,0.0493665926603108,0.943092969110205,0.0569070308897955,0,10.4954674286436,13.1555190605339,0.115131313983988,-1.77079165901267,97.2553475054177,470.72926677024
GenGamma,31,21,0.1,520,3,100,238,238,1,1362836,15362017,0.0887146525094979,0.887146525094979,3055,295576,0,0.010230016307751,1,0.0202528456739789,0.03248697645567,0.96751302354433,0,0.346895810072078,0.544489296013796,0.115131313983988,-1.77079165901267,297.857267960364,1692.12789536726
GenGamma-exact,31,21,0.1,520,3,100,238,237,0.995798319327731,989961,9871596,0.100283783898774,1.00283783898774,2811,191291,1,0.0144820764340398,0.999644381223329,0.0285505347512112,0.364936253873373,0.635063746126627,0,0.620857124140272,0.932509066755153,0.115131313983988,-1.77079165901267,543.375571481811,1694.12285574503
Lognormal,31,21,0.1,520,2,100,238,237,0.995798319327731,846708,15909731,0.0532195044655375,0.532195044655375,2182,199496,1,0.0108192266880869,0.999541914796152,0.0214067428296732,0,1,0,0.339306985972712,0.049011904177359,0.115131313983988,-1.77079165901267,15.9470701636267,346.646951918078
Weibull,31,21,0.1,520,2,100,238,238,1,1189985,15909731,0.0747960477773006,0.747960477773006,3079,282579,0,0.0107786233888076,1,0.0213273671195586,0,1,0,3.77997828291169,0.513800438364773,0.115131313983988,-1.77079165901267,19.1540796248043,349.74578894013
BurrXII,41,27,0.1,952,3,100,238,223,0.936974789915966,628548,6177556,0.101747033940283,1.01747033940283,1896,87001,15,0.0213280538150894,0.992150706436421,0.0417584353801427,0.589641630380417,0.410358369619583,0,2.59421007626872,3.0278003252415,0.116227195784002,-1.82441727370109,487.144546364985,852.492791009044
G0,41,27,0.1,952,3,100,238,205,0.861344537815126,270221,3147040,0.0858651304082566,0.858651304082566,1483,40470,33,0.0353490811145806,0.978232189973615,0.0682325335296418,0.780336184219924,0.219663815780076,0,7.54975466672404,11.0098388284554,0.116227195784002,-1.82441727370109,5570.7225677228,6184.27785710233
G0-L1,41,27,0.1,952,2,100,238,77,0.323529411764706,74045,835766,0.0885953723889223,0.885953723889223,174,6849,161,0.0247757368645878,0.519402985074627,0.0472954607230226,0.940361046674244,0.0596389533257561,0,6.23417429688387,10.3207157163488,0.116227195784002,-1.82441727370109,98.3794317158794,477.085055510994
GenGamma,41,27,0.1,952,3,100,238,237,0.995798319327731,1338494,15445115,0.0866613165392423,0.866613165392423,2719,285885,1,0.00942121384318998,0.999632352941176,0.0186665019016628,0.027427144592098,0.972572855407902,0,0.298542900548738,0.407344717865749,0.116227195784002,-1.82441727370109,297.357992616938,1669.49485072075
GenGamma-exact,41,27,0.1,952,3,100,238,235,0.987394957983193,911166,9526808,0.0956423179726095,0.956423179726095,2546,164363,3,0.0152538209443469,0.998823067869753,0.0300487436414923,0.385004003055739,0.614995996944261,0,0.656746589044111,0.943209990819761,0.116227195784002,-1.82441727370109,518.945942920067,1622.44913370949
Lognormal,41,27,0.1,952,2,100,238,237,0.995798319327731,805766,15909731,0.0506461108613339,0.506461108613339,2115,190309,1,0.0109913524300503,0.99952741020794,0.0217436002878585,0,1,0,0.340918890778954,0.0393954970798788,0.116227195784002,-1.82441727370109,14.5934208851392,349.380574296086
Weibull,41,27,0.1,952,2,100,238,238,1,1147783,15909731,0.0721434573595242,0.721434573595242,2734,274655,0,0.00985619473014431,1,0.019519996572934,0,1,0,3.76208676137567,0.412109364641203,0.116227195784002,-1.82441727370109,18.2739094493684,353.051627755037
BurrXII,51,41,0.1,920,3,100,238,213,0.894957983193277,624215,6316085,0.0988294172735167,0.988294172735167,2004,86992,25,0.0225178659715043,0.987678659438147,0.0440318593792914,0.5804921876156,0.4195078123844,0,2.4238712266303,3.00268754103368,0.11847538208115,-1.80681414142978,497.278788036802,863.451052324039
G0,51,41,0.1,920,3,100,238,191,0.802521008403361,274301,3289322,0.0833913493419009,0.833913493419009,1667,42100,47,0.0380880572120547,0.972578763127188,0.0733053362942767,0.7707398301644,0.2292601698356,0,7.00507180383725,10.7628445939741,0.11847538208115,-1.80681414142978,5600.19559746209,6215.60123490682
G0-L1,51,41,0.1,920,2,100,238,78,0.327731092436975,73225,865983,0.084557087148362,0.84557087148362,214,6879,160,0.0301705907232483,0.572192513368984,0.0573188696933173,0.938528469346606,0.0614715306533943,0,12.8148456748649,14.0893990001422,0.11847538208115,-1.80681414142978,100.182193232551,480.654255229413
GenGamma,51,41,0.1,920,3,100,238,237,0.995798319327731,1319039,15455326,0.0853452719146785,0.853452719146785,2638,283206,1,0.00922881012020543,0.999621068586586,0.0182887726486483,0.026833025076867,0.973166974923133,0,0.306624772449018,0.418469863946943,0.11847538208115,-1.80681414142978,293.592900972804,1680.40676468829
GenGamma-exact,51,41,0.1,920,3,100,238,232,0.974789915966387,901859,9676062,0.0932051696237581,0.932051696237581,2486,166064,6,0.0147493325422723,0.997592295345104,0.0290688836660002,0.376023109654214,0.623976890345786,0,0.670526116333849,0.915668736249196,0.11847538208115,-1.80681414142978,519.009510254849,1628.45768849123
Lognormal,51,41,0.1,920,2,100,238,237,0.995798319327731,796971,15909731,0.0500933045316731,0.500933045316731,2127,186262,1,0.0112904681271199,0.99953007518797,0.0223287160725814,0,1,0,0.344199865578343,0.0401316046843281,0.11847538208115,-1.80681414142978,14.6928146274805,350.282497971728
Weibull,51,41,0.1,920,2,100,238,237,0.995798319327731,1136489,15909731,0.0714335773496108,0.714335773496108,2628,268659,1,0.00968715788076834,0.99961962723469,0.0191883643160677,0,1,0,3.72623530571217,0.414647148028919,0.11847538208115,-1.80681414142978,18.4405267831536,354.144075529919
